,index,Polaritätsprofil S1.1: leise/laut,Polaritätsprofil S1.1: deutlich/undeutlich,Polaritätsprofil S1.1: energisch/antriebslos,Polaritätsprofil S1.1: langsam/schnell,Polaritätsprofil S1.1: eindringlich/zurückhaltend,Polaritätsprofil S1.1: emotional/rational,Polaritätsprofil S1.1: aufrichtig/unaufrichtig,Polaritätsprofil S1.1: alt/jung,Polaritätsprofil S1.1: modern/traditionell,Polaritätsprofil S1.1: ruhig/temperamentvoll,Polaritätsprofil S1.1: wohlklingend/knarrig,Polaritätsprofil S1.1: angespannt/entspannt,Polaritätsprofil S1.1: sicherheitsbedacht/abenteuerlustig,Polaritätsprofil S1.1: zittrig/stabil,Polaritätsprofil S1.1: weich/hart,Polaritätsprofil S1.1: behaucht/unbehaucht,Polaritätsprofil S1.1: gewagt/bodenständig,Polaritätsprofil S1.1: monoton/abwechslungsreich,Polaritätsprofil S1.1: einfühlsam/unsensibel,Polaritätsprofil S1.1: tief/hoch,Polaritätsprofil S1.1: distanziert/nahbar,Polaritätsprofil S1.1: beruhigend/aufregend,Polaritätsprofil S1.2: leise/laut,Polaritätsprofil S1.2: deutlich/undeutlich,Polaritätsprofil S1.2: energisch/antriebslos,Polaritätsprofil S1.2: langsam/schnell,Polaritätsprofil S1.2: eindringlich/zurückhaltend,Polaritätsprofil S1.2: emotional/rational,Polaritätsprofil S1.2: aufrichtig/unaufrichtig,Polaritätsprofil S1.2: alt/jung,Polaritätsprofil S1.2: modern/traditionell,Polaritätsprofil S1.2: ruhig/temperamentvoll,Polaritätsprofil S1.2: wohlklingend/knarrig,Polaritätsprofil S1.2: angespannt/entspannt,Polaritätsprofil S1.2: sicherheitsbedacht/abenteuerlustig,Polaritätsprofil S1.2: zittrig/stabil,Polaritätsprofil S1.2: weich/hart,Polaritätsprofil S1.2: behaucht/unbehaucht,Polaritätsprofil S1.2: gewagt/bodenständig,Polaritätsprofil S1.2: monoton/abwechslungsreich,Polaritätsprofil S1.2: einfühlsam/unsensibel,Polaritätsprofil S1.2: tief/hoch,Polaritätsprofil S1.2: distanziert/nahbar,Polaritätsprofil S1.2: beruhigend/aufregend,Polaritätsprofil S2.1: leise/laut,Polaritätsprofil S2.1: deutlich/undeutlich,Polaritätsprofil S2.1: energisch/antriebslos,Polaritätsprofil S2.1: langsam/schnell,Polaritätsprofil S2.1: eindringlich/zurückhaltend,Polaritätsprofil S2.1: emotional/rational,Polaritätsprofil S2.1: aufrichtig/unaufrichtig,Polaritätsprofil S2.1: alt/jung,Polaritätsprofil S2.1: modern/traditionell,Polaritätsprofil S2.1: ruhig/temperamentvoll,Polaritätsprofil S2.1: wohlklingend/knarrig,Polaritätsprofil S2.1: angespannt/entspannt,Polaritätsprofil S2.1: sicherheitsbedacht/abenteuerlustig,Polaritätsprofil S2.1: zittrig/stabil,Polaritätsprofil S2.1: weich/hart,Polaritätsprofil S2.1: behaucht/unbehaucht,Polaritätsprofil S2.1: gewagt/bodenständig,Polaritätsprofil S2.1: monoton/abwechslungsreich,Polaritätsprofil S2.1: einfühlsam/unsensibel,Polaritätsprofil S2.1: tief/hoch,Polaritätsprofil S2.1: distanziert/nahbar,Polaritätsprofil S2.1: beruhigend/aufregend,Polaritätsprofil S2.2: leise/laut,Polaritätsprofil S2.2: deutlich/undeutlich,Polaritätsprofil S2.2: energisch/antriebslos,Polaritätsprofil S2.2: langsam/schnell,Polaritätsprofil S2.2: eindringlich/zurückhaltend,Polaritätsprofil S2.2: emotional/rational,Polaritätsprofil S2.2: aufrichtig/unaufrichtig,Polaritätsprofil S2.2: alt/jung,Polaritätsprofil S2.2: modern/traditionell,Polaritätsprofil S2.2: ruhig/temperamentvoll,Polaritätsprofil S2.2: wohlklingend/knarrig,Polaritätsprofil S2.2: angespannt/entspannt,Polaritätsprofil S2.2: sicherheitsbedacht/abenteuerlustig,Polaritätsprofil S2.2: zittrig/stabil,Polaritätsprofil S2.2: weich/hart,Polaritätsprofil S2.2: behaucht/unbehaucht,Polaritätsprofil S2.2: gewagt/bodenständig,Polaritätsprofil S2.2: monoton/abwechslungsreich,Polaritätsprofil S2.2: einfühlsam/unsensibel,Polaritätsprofil S2.2: tief/hoch,Polaritätsprofil S2.2: distanziert/nahbar,Polaritätsprofil S2.2: beruhigend/aufregend,Polaritätsprofil S3.1: leise/laut,Polaritätsprofil S3.1: deutlich/undeutlich,Polaritätsprofil S3.1: energisch/antriebslos,Polaritätsprofil S3.1: langsam/schnell,Polaritätsprofil S3.1: eindringlich/zurückhaltend,Polaritätsprofil S3.1: emotional/rational,Polaritätsprofil S3.1: aufrichtig/unaufrichtig,Polaritätsprofil S3.1: alt/jung,Polaritätsprofil S3.1: modern/traditionell,Polaritätsprofil S3.1: ruhig/temperamentvoll,Polaritätsprofil S3.1: wohlklingend/knarrig,Polaritätsprofil S3.1: angespannt/entspannt,Polaritätsprofil S3.1: sicherheitsbedacht/abenteuerlustig,Polaritätsprofil S3.1: zittrig/stabil,Polaritätsprofil S3.1: weich/hart,Polaritätsprofil S3.1: behaucht/unbehaucht,Polaritätsprofil S3.1: gewagt/bodenständig,Polaritätsprofil S3.1: monoton/abwechslungsreich,Polaritätsprofil S3.1: einfühlsam/unsensibel,Polaritätsprofil S3.1: tief/hoch,Polaritätsprofil S3.1: distanziert/nahbar,Polaritätsprofil S3.1: beruhigend/aufregend,Polaritätsprofil S3.2: leise/laut,Polaritätsprofil S3.2: deutlich/undeutlich,Polaritätsprofil S3.2: energisch/antriebslos,Polaritätsprofil S3.2: langsam/schnell,Polaritätsprofil S3.2: eindringlich/zurückhaltend,Polaritätsprofil S3.2: emotional/rational,Polaritätsprofil S3.2: aufrichtig/unaufrichtig,Polaritätsprofil S3.2: alt/jung,Polaritätsprofil S3.2: modern/traditionell,Polaritätsprofil S3.2: ruhig/temperamentvoll,Polaritätsprofil S3.2: wohlklingend/knarrig,Polaritätsprofil S3.2: angespannt/entspannt,Polaritätsprofil S3.2: sicherheitsbedacht/abenteuerlustig,Polaritätsprofil S3.2: zittrig/stabil,Polaritätsprofil S3.2: weich/hart,Polaritätsprofil S3.2: behaucht/unbehaucht,Polaritätsprofil S3.2: gewagt/bodenständig,Polaritätsprofil S3.2: monoton/abwechslungsreich,Polaritätsprofil S3.2: einfühlsam/unsensibel,Polaritätsprofil S3.2: tief/hoch,Polaritätsprofil S3.2: distanziert/nahbar,Polaritätsprofil S3.2: beruhigend/aufregend,Polaritätsprofil S4.1: leise/laut,Polaritätsprofil S4.1: deutlich/undeutlich,Polaritätsprofil S4.1: energisch/antriebslos,Polaritätsprofil S4.1: langsam/schnell,Polaritätsprofil S4.1: eindringlich/zurückhaltend,Polaritätsprofil S4.1: emotional/rational,Polaritätsprofil S4.1: aufrichtig/unaufrichtig,Polaritätsprofil S4.1: alt/jung,Polaritätsprofil S4.1: modern/traditionell,Polaritätsprofil S4.1: ruhig/temperamentvoll,Polaritätsprofil S4.1: wohlklingend/knarrig,Polaritätsprofil S4.1: angespannt/entspannt,Polaritätsprofil S4.1: sicherheitsbedacht/abenteuerlustig,Polaritätsprofil S4.1: zittrig/stabil,Polaritätsprofil S4.1: weich/hart,Polaritätsprofil S4.1: behaucht/unbehaucht,Polaritätsprofil S4.1: gewagt/bodenständig,Polaritätsprofil S4.1: monoton/abwechslungsreich,Polaritätsprofil S4.1: einfühlsam/unsensibel,Polaritätsprofil S4.1: tief/hoch,Polaritätsprofil S4.1: distanziert/nahbar,Polaritätsprofil S4.1: beruhigend/aufregend,Polaritätsprofil S4.2: leise/laut,Polaritätsprofil S4.2: deutlich/undeutlich,Polaritätsprofil S4.2: energisch/antriebslos,Polaritätsprofil S4.2: langsam/schnell,Polaritätsprofil S4.2: eindringlich/zurückhaltend,Polaritätsprofil S4.2: emotional/rational,Polaritätsprofil S4.2: aufrichtig/unaufrichtig,Polaritätsprofil S4.2: alt/jung,Polaritätsprofil S4.2: modern/traditionell,Polaritätsprofil S4.2: ruhig/temperamentvoll,Polaritätsprofil S4.2: wohlklingend/knarrig,Polaritätsprofil S4.2: angespannt/entspannt,Polaritätsprofil S4.2: sicherheitsbedacht/abenteuerlustig,Polaritätsprofil S4.2: zittrig/stabil,Polaritätsprofil S4.2: weich/hart,Polaritätsprofil S4.2: behaucht/unbehaucht,Polaritätsprofil S4.2: gewagt/bodenständig,Polaritätsprofil S4.2: monoton/abwechslungsreich,Polaritätsprofil S4.2: einfühlsam/unsensibel,Polaritätsprofil S4.2: tief/hoch,Polaritätsprofil S4.2: distanziert/nahbar,Polaritätsprofil S4.2: beruhigend/aufregend,Polaritätsprofil S5.1: leise/laut,Polaritätsprofil S5.1: deutlich/undeutlich,Polaritätsprofil S5.1: energisch/antriebslos,Polaritätsprofil S5.1: langsam/schnell,Polaritätsprofil S5.1: eindringlich/zurückhaltend,Polaritätsprofil S5.1: emotional/rational,Polaritätsprofil S5.1: aufrichtig/unaufrichtig,Polaritätsprofil S5.1: alt/jung,Polaritätsprofil S5.1: modern/traditionell,Polaritätsprofil S5.1: ruhig/temperamentvoll,Polaritätsprofil S5.1: wohlklingend/knarrig,Polaritätsprofil S5.1: angespannt/entspannt,Polaritätsprofil S5.1: sicherheitsbedacht/abenteuerlustig,Polaritätsprofil S5.1: zittrig/stabil,Polaritätsprofil S5.1: weich/hart,Polaritätsprofil S5.1: behaucht/unbehaucht,Polaritätsprofil S5.1: gewagt/bodenständig,Polaritätsprofil S5.1: monoton/abwechslungsreich,Polaritätsprofil S5.1: einfühlsam/unsensibel,Polaritätsprofil S5.1: tief/hoch,Polaritätsprofil S5.1: distanziert/nahbar,Polaritätsprofil S5.1: beruhigend/aufregend,Polaritätsprofil S5.2: leise/laut,Polaritätsprofil S5.2: deutlich/undeutlich,Polaritätsprofil S5.2: energisch/antriebslos,Polaritätsprofil S5.2: langsam/schnell,Polaritätsprofil S5.2: eindringlich/zurückhaltend,Polaritätsprofil S5.2: emotional/rational,Polaritätsprofil S5.2: aufrichtig/unaufrichtig,Polaritätsprofil S5.2: alt/jung,Polaritätsprofil S5.2: modern/traditionell,Polaritätsprofil S5.2: ruhig/temperamentvoll,Polaritätsprofil S5.2: wohlklingend/knarrig,Polaritätsprofil S5.2: angespannt/entspannt,Polaritätsprofil S5.2: sicherheitsbedacht/abenteuerlustig,Polaritätsprofil S5.2: zittrig/stabil,Polaritätsprofil S5.2: weich/hart,Polaritätsprofil S5.2: behaucht/unbehaucht,Polaritätsprofil S5.2: gewagt/bodenständig,Polaritätsprofil S5.2: monoton/abwechslungsreich,Polaritätsprofil S5.2: einfühlsam/unsensibel,Polaritätsprofil S5.2: tief/hoch,Polaritätsprofil S5.2: distanziert/nahbar,Polaritätsprofil S5.2: beruhigend/aufregend,Polaritätsprofil S6.1: leise/laut,Polaritätsprofil S6.1: deutlich/undeutlich,Polaritätsprofil S6.1: energisch/antriebslos,Polaritätsprofil S6.1: langsam/schnell,Polaritätsprofil S6.1: eindringlich/zurückhaltend,Polaritätsprofil S6.1: emotional/rational,Polaritätsprofil S6.1: aufrichtig/unaufrichtig,Polaritätsprofil S6.1: alt/jung,Polaritätsprofil S6.1: modern/traditionell,Polaritätsprofil S6.1: ruhig/temperamentvoll,Polaritätsprofil S6.1: wohlklingend/knarrig,Polaritätsprofil S6.1: angespannt/entspannt,Polaritätsprofil S6.1: sicherheitsbedacht/abenteuerlustig,Polaritätsprofil S6.1: zittrig/stabil,Polaritätsprofil S6.1: weich/hart,Polaritätsprofil S6.1: behaucht/unbehaucht,Polaritätsprofil S6.1: gewagt/bodenständig,Polaritätsprofil S6.1: monoton/abwechslungsreich,Polaritätsprofil S6.1: einfühlsam/unsensibel,Polaritätsprofil S6.1: tief/hoch,Polaritätsprofil S6.1: distanziert/nahbar,Polaritätsprofil S6.1: beruhigend/aufregend,Polaritätsprofil S6.2: leise/laut,Polaritätsprofil S6.2: deutlich/undeutlich,Polaritätsprofil S6.2: energisch/antriebslos,Polaritätsprofil S6.2: langsam/schnell,Polaritätsprofil S6.2: eindringlich/zurückhaltend,Polaritätsprofil S6.2: emotional/rational,Polaritätsprofil S6.2: aufrichtig/unaufrichtig,Polaritätsprofil S6.2: alt/jung,Polaritätsprofil S6.2: modern/traditionell,Polaritätsprofil S6.2: ruhig/temperamentvoll,Polaritätsprofil S6.2: wohlklingend/knarrig,Polaritätsprofil S6.2: angespannt/entspannt,Polaritätsprofil S6.2: sicherheitsbedacht/abenteuerlustig,Polaritätsprofil S6.2: zittrig/stabil,Polaritätsprofil S6.2: weich/hart,Polaritätsprofil S6.2: behaucht/unbehaucht,Polaritätsprofil S6.2: gewagt/bodenständig,Polaritätsprofil S6.2: monoton/abwechslungsreich,Polaritätsprofil S6.2: einfühlsam/unsensibel,Polaritätsprofil S6.2: tief/hoch,Polaritätsprofil S6.2: distanziert/nahbar,Polaritätsprofil S6.2: beruhigend/aufregend,Polaritätsprofil S7.1: leise/laut,Polaritätsprofil S7.1: deutlich/undeutlich,Polaritätsprofil S7.1: energisch/antriebslos,Polaritätsprofil S7.1: langsam/schnell,Polaritätsprofil S7.1: eindringlich/zurückhaltend,Polaritätsprofil S7.1: emotional/rational,Polaritätsprofil S7.1: aufrichtig/unaufrichtig,Polaritätsprofil S7.1: alt/jung,Polaritätsprofil S7.1: modern/traditionell,Polaritätsprofil S7.1: ruhig/temperamentvoll,Polaritätsprofil S7.1: wohlklingend/knarrig,Polaritätsprofil S7.1: angespannt/entspannt,Polaritätsprofil S7.1: sicherheitsbedacht/abenteuerlustig,Polaritätsprofil S7.1: zittrig/stabil,Polaritätsprofil S7.1: weich/hart,Polaritätsprofil S7.1: behaucht/unbehaucht,Polaritätsprofil S7.1: gewagt/bodenständig,Polaritätsprofil S7.1: monoton/abwechslungsreich,Polaritätsprofil S7.1: einfühlsam/unsensibel,Polaritätsprofil S7.1: tief/hoch,Polaritätsprofil S7.1: distanziert/nahbar,Polaritätsprofil S7.1: beruhigend/aufregend,Polaritätsprofil S7.2: leise/laut,Polaritätsprofil S7.2: deutlich/undeutlich,Polaritätsprofil S7.2: energisch/antriebslos,Polaritätsprofil S7.2: langsam/schnell,Polaritätsprofil S7.2: eindringlich/zurückhaltend,Polaritätsprofil S7.2: emotional/rational,Polaritätsprofil S7.2: aufrichtig/unaufrichtig,Polaritätsprofil S7.2: alt/jung,Polaritätsprofil S7.2: modern/traditionell,Polaritätsprofil S7.2: ruhig/temperamentvoll,Polaritätsprofil S7.2: wohlklingend/knarrig,Polaritätsprofil S7.2: angespannt/entspannt,Polaritätsprofil S7.2: sicherheitsbedacht/abenteuerlustig,Polaritätsprofil S7.2: zittrig/stabil,Polaritätsprofil S7.2: weich/hart,Polaritätsprofil S7.2: behaucht/unbehaucht,Polaritätsprofil S7.2: gewagt/bodenständig,Polaritätsprofil S7.2: monoton/abwechslungsreich,Polaritätsprofil S7.2: einfühlsam/unsensibel,Polaritätsprofil S7.2: tief/hoch,Polaritätsprofil S7.2: distanziert/nahbar,Polaritätsprofil S7.2: beruhigend/aufregend,Hörbeeinträchtigung,Vorkenntnisse: Ausweichoption (negativ) oder Anzahl ausgewählter Optionen,Vorkenntnisse: Fachbezogenes Studium,Vorkenntnisse: Stimmbildungstraining,Vorkenntnisse: Schauspiel- und/oder Sprechausbildung,"Vorkenntnisse: Nein, nichts dergleichen",Geschlecht,Alter: [01],Muttersprache,Zusatzfrage S1.1,Zusatzfrage S1.2,Zusatzfrage S2.1,Zusatzfrage S2.2,Zusatzfrage S3.1,Zusatzfrage S3.2,Zusatzfrage S4.1,Zusatzfrage S4.2,Zusatzfrage S5.1,Zusatzfrage S5.2,Zusatzfrage S6.1,Zusatzfrage S6.2,Zusatzfrage S7.1,Zusatzfrage S7.2,Verweildauer gesamt (ohne Ausreißer),Wurde die Befragung abgeschlossen (letzte Seite erreicht)?,"Hat der Teilnehmer den Fragebogen nur angesehen, ohne die Pflichtfragen zu beantworten?","Seite, die der Teilnehmer zuletzt bearbeitet hat","Letzte Seite, die im Fragebogen bearbeitet wurde",Anteil fehlender Antworten in Prozent,Anteil fehlender Antworten (gewichtet nach Relevanz),Ausfüll-Geschwindigkeit (relativ)
1,1,3,2,2,2,4,5,2,4,3,2,2,3,3,4,2,4,4,4,2,4,2,2,3,2,2,4,2,2,2,5,1,4,2,2,4,3,3,4,2,4,3,5,4,5,4,1,3,2,1,4,1,2,5,1,1,4,1,5,2,4,5,2,2,4,4,1,4,1,2,2,1,2,2,2,5,2,2,3,1,5,3,5,5,3,2,3,3,2,4,2,3,2,3,3,3,2,4,4,3,2,4,2,3,4,2,3,3,2,3,4,2,4,5,3,4,4,4,2,3,2,4,3,3,2,4,4,2,1,5,2,1,3,2,1,4,1,2,3,1,3,4,2,2,4,1,4,2,4,4,3,2,4,3,2,4,4,2,3,2,3,2,2,3,3,2,4,3,4,2,4,4,4,3,4,3,4,2,1,3,1,1,1,1,2,5,1,2,5,1,5,2,4,5,2,2,4,4,1,2,2,1,5,2,3,3,4,2,4,3,2,4,4,4,4,2,4,3,4,3,4,3,4,5,2,3,5,4,2,5,1,4,3,1,3,4,5,5,1,4,1,1,2,4,1,3,2,2,4,3,2,4,2,4,2,2,4,5,4,4,2,4,2,2,3,3,4,4,2,4,3,3,1,5,1,4,4,1,3,3,2,4,2,3,1,3,3,4,4,2,4,2,2,3,3,2,4,4,2,4,3,2,4,2,4,4,4,3,4,2,1,1,1,1,2,2,36,1,1,2,1,1,2,2,1,2,1,2,1,1,1,2,1339,1,0,17,17,0,0,"0,81"
2,2,3,1,3,3,5,1,2,5,1,2,1,5,2,5,2,4,5,4,2,4,5,2,4,2,2,5,2,5,4,5,1,4,4,2,4,5,4,5,2,2,5,4,2,4,2,1,3,3,1,2,1,4,4,1,1,3,1,5,1,5,5,5,2,4,4,1,3,1,2,3,1,5,2,3,4,1,1,4,2,5,4,5,5,1,3,2,2,2,2,4,3,4,3,5,4,1,4,1,2,5,1,1,3,2,5,3,2,2,4,2,3,4,4,2,4,4,4,4,2,1,2,4,4,4,3,4,2,4,5,3,2,4,2,3,5,1,5,5,3,4,4,1,2,5,3,5,2,3,4,1,4,4,2,2,3,1,1,4,2,4,4,4,2,2,3,2,4,5,2,5,2,4,5,4,2,4,1,4,3,2,4,2,1,3,3,1,1,5,1,5,1,1,5,2,1,4,5,1,5,1,1,5,2,3,4,5,1,4,4,2,4,5,4,5,2,2,5,4,2,5,2,1,4,2,5,5,1,2,4,1,1,5,1,5,2,4,5,1,4,1,3,1,5,1,1,4,1,5,2,2,2,5,5,1,5,5,4,5,2,4,5,2,2,5,2,4,4,1,5,2,1,1,4,1,1,5,1,3,1,1,4,2,1,3,5,1,5,1,1,5,1,2,2,3,1,5,3,1,5,2,3,5,1,5,4,4,3,5,2,1,1,1,1,2,2,31,1,1,2,1,1,1,2,2,2,1,2,1,2,1,2,1150,1,0,17,17,0,0,"0,58"
3,3,3,3,3,4,4,3,3,5,3,2,3,3,1,1,1,1,4,4,2,4,4,3,4,1,2,4,1,3,5,5,2,3,5,1,3,2,4,4,3,4,4,4,3,5,3,1,3,2,2,3,3,4,3,2,2,4,2,4,2,2,5,2,2,2,4,2,3,1,2,4,2,2,4,3,3,4,3,2,3,4,3,3,3,3,3,3,3,3,3,3,4,3,4,2,4,3,3,3,4,2,3,2,3,4,3,2,3,3,3,4,3,1,3,4,2,3,4,3,3,3,4,2,3,3,3,4,3,3,4,3,3,3,3,1,3,2,3,3,3,5,3,3,2,3,3,4,2,2,4,3,3,3,4,2,4,1,2,3,1,2,4,4,2,4,4,2,4,4,3,4,2,4,4,4,2,4,2,1,2,3,4,2,2,4,2,2,2,4,2,4,2,2,4,4,2,3,4,2,4,1,2,5,1,2,4,5,2,5,4,1,4,3,4,5,1,4,5,4,3,5,3,1,4,3,4,3,3,3,3,2,2,4,2,5,2,2,5,1,2,2,4,2,4,3,2,3,1,2,5,3,2,4,5,1,4,2,4,5,1,4,5,3,2,4,2,4,4,3,4,3,3,2,4,2,2,4,2,4,2,2,5,2,2,3,4,2,5,4,2,4,2,2,5,3,3,5,5,2,4,3,4,5,1,4,5,4,2,5,2,1,1,1,1,2,1,46,1,1,2,1,1,2,2,1,2,1,2,1,2,1,2,1378,1,0,17,17,0,0,"0,85"
4,4,3,1,2,3,1,4,2,5,2,4,1,5,3,5,2,3,3,4,2,3,4,2,4,2,2,3,2,4,3,4,3,4,2,3,3,4,3,3,3,4,3,4,4,3,3,1,2,2,2,3,2,4,3,2,2,4,3,4,1,3,3,4,2,4,4,2,4,2,2,2,1,2,2,3,3,2,2,4,3,4,2,3,3,4,2,3,4,2,2,2,3,1,2,3,2,4,3,1,2,4,3,4,2,3,3,4,2,2,4,2,4,2,2,3,2,3,2,4,2,3,2,4,3,4,3,3,3,4,3,2,3,3,4,2,2,3,2,4,3,4,3,2,2,4,3,4,3,3,3,4,2,4,4,3,4,2,2,4,1,4,3,4,3,2,3,2,3,4,3,3,3,4,4,4,2,3,3,2,2,2,2,2,2,3,3,2,2,4,3,4,2,3,3,4,2,4,3,2,5,2,1,5,1,4,3,4,4,4,3,1,3,4,5,3,2,4,5,4,1,3,2,2,3,2,3,2,3,2,3,2,2,4,3,4,2,3,3,4,2,2,4,3,5,1,1,5,1,5,3,4,3,4,3,2,3,4,4,3,3,2,4,2,2,4,3,2,3,1,1,1,2,1,3,2,2,4,3,4,3,2,3,4,2,1,4,2,5,1,1,5,1,5,4,3,3,4,4,2,3,4,5,3,3,4,4,3,2,4,1,1,1,1,1,2,1,75,1,1,2,1,1,1,1,1,2,1,2,1,2,1,2,1545,1,0,17,17,0,0,"0,68"
5,5,4,3,3,2,3,3,3,4,2,2,4,2,2,3,3,2,4,2,2,3,4,2,3,3,2,4,1,2,5,4,2,4,4,1,5,2,3,4,2,4,5,3,2,3,3,1,2,2,3,2,1,3,3,1,1,4,1,5,3,3,4,3,2,3,4,2,3,1,2,3,1,2,3,2,4,2,3,2,2,4,4,2,4,2,3,2,3,3,3,4,5,2,4,2,3,4,2,2,4,4,2,2,2,2,4,1,3,3,4,2,3,4,3,4,2,3,4,4,2,3,4,1,3,1,2,3,3,1,3,3,3,3,3,2,3,2,2,3,3,4,2,3,3,2,3,4,3,2,5,1,3,3,3,2,3,3,2,3,2,3,3,4,2,4,3,2,4,2,4,3,3,3,4,4,2,3,2,1,3,2,4,1,1,3,3,1,1,5,2,5,1,1,4,3,1,3,5,1,4,4,1,4,1,1,5,4,1,4,4,1,5,3,4,3,2,3,4,4,3,5,3,1,5,1,4,5,2,2,5,1,3,3,1,2,2,3,5,1,2,3,2,2,3,1,2,3,1,4,4,3,3,3,4,1,2,3,5,5,3,1,5,3,1,4,3,2,3,1,4,1,1,1,5,1,1,5,1,5,3,1,5,2,1,2,5,1,4,3,1,4,2,3,3,2,3,4,3,2,4,4,5,4,3,4,3,3,3,4,2,1,1,2,1,1,2,36,1,1,2,1,1,1,2,1,2,1,2,1,2,1,2,987,1,0,17,17,0,0,"1,14"
6,6,3,1,3,2,4,3,3,5,2,1,2,5,3,5,1,3,5,3,3,4,3,1,5,2,1,5,1,5,5,5,1,5,4,5,5,3,3,3,1,3,5,5,2,3,2,1,3,1,1,1,1,3,3,1,1,5,3,5,3,3,3,3,2,3,3,1,2,1,1,3,1,5,2,5,5,3,3,5,1,5,5,4,3,4,4,2,2,2,3,1,4,1,4,5,5,1,3,3,1,4,2,5,5,3,3,3,3,1,2,3,3,3,3,2,4,4,4,3,4,1,1,5,1,5,3,3,3,3,2,1,5,1,2,4,5,1,4,5,5,5,4,1,3,4,3,5,1,3,4,2,3,4,3,2,5,1,1,4,2,4,5,5,1,4,3,4,5,5,3,3,3,3,4,4,3,3,3,1,1,3,1,3,3,5,1,1,1,5,3,5,1,3,3,5,2,4,4,3,3,1,1,5,3,2,5,5,1,5,3,5,5,5,3,3,2,4,4,5,1,5,3,1,1,1,3,5,1,3,3,1,1,5,2,5,5,3,5,3,3,1,3,1,5,1,1,5,1,5,5,1,1,5,4,1,5,3,5,3,1,4,5,1,2,3,3,4,5,1,5,5,3,1,4,1,5,5,1,1,3,3,5,1,5,1,1,1,5,5,1,5,1,5,5,1,1,5,5,1,3,1,5,3,1,3,5,1,3,5,2,1,1,1,1,2,2,70,1,1,2,1,1,2,1,2,1,1,2,1,2,1,2,1172,1,0,17,17,0,0,1
7,7,3,1,2,3,3,3,2,4,1,3,1,5,4,5,1,5,4,3,2,3,4,2,4,2,2,4,2,2,3,4,3,4,4,2,3,4,4,3,3,3,4,4,2,4,1,1,3,3,3,3,2,4,1,1,1,5,3,5,1,2,4,3,2,3,4,1,3,1,2,4,2,2,2,4,2,2,1,5,3,5,2,3,4,3,3,3,4,2,3,4,4,2,4,4,4,2,4,3,5,3,3,1,2,2,3,2,3,3,2,3,3,2,2,4,3,3,3,4,2,3,3,3,3,4,4,4,3,4,2,3,4,2,3,2,3,3,3,4,4,4,4,3,3,4,3,4,2,3,4,2,4,3,2,2,3,2,2,3,2,3,3,4,2,3,3,3,3,4,3,3,4,2,3,3,3,3,2,2,3,3,2,2,2,4,1,1,1,5,3,4,2,2,4,4,2,3,4,2,4,4,2,4,2,2,3,4,3,4,4,2,3,3,4,3,2,4,4,3,4,4,3,2,4,2,3,4,4,4,4,2,3,4,3,5,3,3,4,2,3,2,2,2,5,2,1,3,2,2,4,2,4,4,4,2,3,3,4,5,3,2,4,3,2,4,3,5,3,3,4,3,4,3,4,2,5,3,3,2,3,2,3,3,3,3,3,3,5,4,1,4,2,2,4,3,4,4,5,1,3,2,4,2,3,3,4,4,2,4,2,1,1,1,1,2,2,48,1,1,2,1,1,1,1,1,1,1,2,1,2,1,2,996,1,0,17,17,0,0,"1,25"
8,9,3,1,2,4,2,4,2,5,1,4,2,3,5,5,2,3,2,4,2,3,4,4,3,4,5,5,2,3,5,5,3,4,5,1,4,1,3,2,3,1,5,5,1,3,2,1,3,2,4,2,1,2,4,1,1,5,1,5,4,2,5,4,1,1,5,1,4,1,1,4,1,5,1,1,5,1,1,5,1,5,5,3,5,2,1,3,5,1,5,2,5,1,5,5,5,2,4,1,5,1,1,1,5,1,3,1,5,1,1,3,5,5,5,5,1,3,5,1,5,3,5,1,3,1,5,1,1,1,5,1,1,3,3,2,4,1,5,5,2,3,3,1,2,4,2,4,4,3,3,4,2,3,3,3,2,3,2,4,3,3,3,4,2,3,3,5,5,5,2,4,3,3,3,3,4,4,3,2,3,1,3,5,1,1,5,4,2,4,1,5,5,2,5,1,4,2,3,2,4,2,1,5,1,1,2,5,1,5,3,1,5,4,5,3,1,5,5,3,5,5,3,1,5,1,5,5,5,1,5,1,5,1,1,1,5,1,5,1,5,1,1,3,5,3,1,5,1,1,5,1,2,5,5,1,3,1,5,1,3,4,5,1,1,3,3,5,5,1,5,5,5,1,5,1,5,1,1,1,5,1,1,1,5,1,1,2,5,4,1,5,1,1,5,5,2,4,5,1,5,1,2,4,1,5,5,5,1,5,2,1,2,1,1,1,1,33,1,2,2,1,1,1,1,1,1,1,2,1,2,1,2,1120,1,0,17,17,0,0,"0,92"
9,11,3,2,2,4,2,1,1,4,1,3,1,5,5,5,1,3,3,5,1,4,5,4,4,1,1,4,1,4,3,4,2,4,4,2,5,3,4,5,2,4,4,3,2,4,3,2,2,2,2,1,1,3,3,1,1,5,1,5,3,4,4,2,1,3,4,1,3,4,2,3,2,3,3,3,4,2,3,3,1,4,2,2,5,2,2,3,3,2,3,5,3,3,5,2,3,3,3,2,3,4,3,2,2,4,3,4,2,4,4,3,3,4,2,4,2,3,4,4,2,4,4,2,4,2,3,2,2,4,3,3,3,4,2,2,4,2,4,2,1,4,4,1,1,5,2,4,1,2,4,2,1,3,4,1,3,2,1,4,2,2,2,4,1,4,2,3,5,4,2,4,2,5,2,4,4,2,2,2,3,2,5,2,1,4,3,1,1,5,2,5,1,1,5,2,1,3,5,1,4,4,1,4,1,3,3,4,2,5,4,2,4,3,4,2,1,5,4,4,2,4,2,3,4,3,4,4,3,3,4,2,2,4,2,5,4,4,5,1,2,1,4,1,5,1,1,4,1,5,4,2,4,5,4,1,4,4,5,5,1,4,5,2,1,5,2,5,2,2,3,2,2,2,4,2,3,4,3,2,2,4,4,2,2,3,4,1,4,5,1,4,2,2,4,2,3,4,4,3,4,2,3,4,2,5,3,4,3,4,2,1,1,1,1,2,2,33,1,1,2,1,1,1,2,1,1,1,2,1,2,1,2,1412,1,0,17,17,0,0,"0,75"
10,13,5,1,2,3,2,2,2,5,2,3,1,4,4,5,2,5,4,4,2,4,4,4,4,2,2,4,2,2,4,5,1,5,4,1,5,3,5,5,1,4,5,5,1,5,1,2,4,2,4,4,2,3,5,1,1,5,2,4,2,2,5,3,1,3,5,1,3,2,3,2,2,4,3,3,3,3,3,4,2,3,3,2,3,2,3,3,3,2,2,4,5,1,4,4,5,2,4,1,3,5,1,1,2,3,4,1,5,3,1,4,2,3,4,3,4,5,4,3,2,2,4,2,3,3,4,4,2,2,4,2,2,3,3,3,4,2,4,4,4,4,4,2,3,2,4,2,4,4,3,2,4,3,2,3,3,2,4,2,3,4,3,3,4,2,3,3,2,4,3,3,4,2,3,3,2,3,3,1,2,1,1,1,1,3,5,1,1,5,1,5,1,1,5,4,1,2,5,1,4,1,2,4,1,2,2,4,2,4,2,2,3,3,3,3,2,4,3,3,4,5,3,2,4,2,2,3,3,2,4,2,4,4,2,4,4,2,4,2,3,2,2,2,4,4,2,2,2,1,4,3,2,4,5,2,5,4,5,5,1,4,5,4,1,3,2,2,4,1,2,4,2,1,5,1,4,5,1,5,4,1,5,1,2,1,5,1,4,3,2,2,2,1,4,4,2,4,5,1,4,3,3,4,1,4,4,3,3,5,3,1,1,1,1,2,1,35,1,1,2,1,1,2,2,2,2,1,2,1,2,1,2,1186,1,0,17,17,0,0,"0,99"
11,14,4,2,2,3,2,3,2,4,1,2,2,4,3,5,1,4,4,4,2,4,4,3,5,2,2,4,2,2,3,4,2,4,4,2,4,3,4,2,2,4,4,3,3,4,3,2,4,2,2,3,2,3,2,2,2,4,2,4,2,4,4,2,2,2,4,2,3,2,2,3,1,2,2,3,2,3,3,2,2,4,3,3,4,3,2,2,4,2,3,4,4,2,3,4,4,3,3,2,4,3,2,3,2,1,4,2,3,1,3,3,3,4,3,3,3,3,3,3,3,2,4,3,2,3,2,1,3,1,4,3,2,4,4,3,2,1,2,3,3,3,3,2,3,4,2,4,3,2,4,2,3,4,2,3,5,1,2,3,2,2,3,4,2,4,3,2,3,4,3,3,2,3,3,3,3,3,3,2,3,2,1,1,2,4,2,2,2,4,2,4,2,2,4,4,2,4,4,2,5,2,1,5,1,1,3,4,3,5,4,2,5,3,4,4,2,3,5,4,3,4,2,3,4,2,4,4,2,3,4,2,3,4,2,4,2,3,4,1,3,2,2,2,5,2,1,4,1,3,4,3,3,4,4,2,4,3,4,4,2,4,4,3,2,4,4,2,3,2,3,4,3,2,4,2,5,4,2,4,3,2,4,2,4,2,2,3,5,3,1,4,1,4,3,2,4,5,5,1,5,3,5,4,1,3,5,4,1,5,2,1,1,1,1,2,2,33,1,1,2,1,1,1,1,1,2,1,2,1,2,1,2,1062,1,0,17,17,0,0,"1,04"
12,15,3,2,2,4,2,2,2,4,2,3,2,4,3,4,2,2,3,5,2,3,4,3,4,2,2,4,1,3,3,4,3,4,4,2,3,4,5,2,2,3,4,4,3,4,2,1,2,4,2,3,2,3,2,2,2,5,2,5,2,2,4,4,2,4,4,2,3,2,2,4,1,3,3,4,3,4,5,2,4,4,5,4,2,3,4,3,2,5,2,4,4,3,5,3,2,3,5,3,2,4,1,3,2,2,4,4,1,3,4,2,3,4,2,4,1,3,2,3,3,4,4,2,3,3,4,3,3,3,2,3,3,3,3,2,2,3,2,2,2,4,3,3,2,4,2,4,2,3,5,4,2,3,4,2,4,2,1,4,1,1,2,4,2,5,2,4,4,4,4,2,2,4,2,4,4,4,2,2,2,3,3,2,2,4,2,2,2,4,3,4,3,3,4,4,2,4,4,2,5,2,1,5,1,2,3,4,3,5,4,2,5,4,5,3,1,4,4,3,3,5,3,2,5,4,3,4,3,3,4,3,3,3,3,4,4,4,3,1,3,2,3,4,5,5,1,3,2,1,3,3,3,5,4,2,4,4,5,3,1,4,5,2,2,5,3,5,3,1,4,3,4,2,4,2,4,3,2,2,4,1,5,3,3,2,2,4,5,4,1,4,1,2,2,4,2,5,4,1,5,3,5,3,1,4,4,4,3,5,2,1,1,2,1,1,2,31,1,1,2,1,2,1,1,1,2,1,2,1,2,1,2,1099,1,0,17,17,0,0,"0,98"
13,16,2,1,3,3,4,2,2,5,1,2,2,3,2,4,1,2,3,3,2,4,4,2,4,3,2,4,3,2,4,3,2,4,5,1,4,2,4,5,3,2,4,3,1,3,2,1,3,1,1,1,1,2,3,1,1,5,1,5,1,1,5,3,1,2,5,1,2,1,2,3,2,2,2,3,4,2,2,4,2,4,2,3,4,4,2,2,4,2,3,5,5,1,5,4,5,3,3,1,5,2,3,1,3,2,3,1,3,3,2,3,4,5,2,5,3,5,5,4,2,4,4,1,4,2,4,5,2,2,5,3,1,3,1,3,5,1,5,5,5,5,3,1,5,2,3,2,2,5,3,1,4,4,1,3,4,2,3,3,2,2,3,4,3,2,3,3,3,3,3,3,3,2,3,3,3,3,2,1,2,1,5,1,1,4,5,1,1,5,1,5,1,1,5,5,1,2,5,1,4,3,1,4,2,2,4,5,2,5,3,1,4,3,4,4,2,4,4,4,3,4,1,3,5,2,5,5,4,2,5,1,3,2,2,3,3,5,5,2,3,2,1,3,5,3,1,4,3,2,5,4,2,5,4,1,3,2,5,5,3,1,5,3,1,3,2,5,5,1,5,5,3,2,5,1,5,4,2,3,2,3,3,2,3,2,3,2,4,1,1,4,1,3,2,3,2,5,3,2,5,5,3,5,1,5,3,4,4,4,2,1,1,1,1,2,2,37,1,1,2,1,1,1,2,1,1,1,2,1,2,1,2,971,1,0,17,17,0,0,"1,18"
14,17,3,1,1,3,2,2,2,5,2,4,1,4,3,4,2,3,4,5,2,3,4,3,4,4,4,4,3,4,4,3,3,3,4,3,2,3,4,3,3,2,4,3,2,3,3,1,1,3,2,1,1,5,1,1,1,5,3,5,1,1,5,5,1,3,5,1,3,3,4,3,3,4,4,1,4,3,4,2,3,4,4,3,3,2,4,3,2,3,3,1,5,3,3,5,5,1,5,3,5,1,3,2,5,5,3,1,5,1,2,5,3,3,4,3,4,4,4,3,3,3,4,2,2,4,4,4,4,2,4,4,2,4,3,2,3,3,2,2,2,4,2,3,2,2,3,4,2,2,3,4,2,3,2,2,3,1,4,3,3,4,4,4,3,3,4,2,3,4,4,3,4,3,3,3,3,4,3,1,1,3,2,1,1,5,1,4,1,5,3,5,1,2,5,5,1,3,5,1,3,1,4,4,2,4,4,3,4,3,3,3,3,4,3,3,4,2,4,3,2,3,3,2,5,3,3,5,5,1,3,3,5,1,3,3,5,5,5,1,5,3,1,3,4,2,2,3,2,4,4,3,3,3,5,1,1,5,5,5,5,1,5,1,1,5,3,2,3,3,3,3,3,3,3,2,2,4,3,4,2,2,4,4,2,3,4,2,5,4,5,5,3,5,5,1,5,3,5,2,3,4,5,5,4,1,5,3,1,5,2,1,1,1,1,2,2,42,1,2,2,1,2,2,2,1,2,1,2,2,2,1,2,902,1,0,17,17,0,0,"1,21"
15,18,3,2,2,4,2,2,3,4,1,4,1,4,4,5,2,4,3,5,2,3,4,4,4,4,2,4,2,2,4,4,2,4,3,2,4,5,5,2,2,2,5,4,2,4,3,2,2,2,2,1,1,4,2,3,1,4,2,4,1,2,4,2,1,3,4,2,2,4,3,3,4,4,2,2,4,2,2,5,2,5,2,3,4,3,2,2,3,1,2,4,5,2,5,3,3,4,3,1,5,2,1,2,4,3,5,4,2,1,3,2,3,5,4,3,2,4,4,3,4,2,3,2,3,2,4,5,4,1,4,2,1,3,1,3,4,1,4,1,2,4,2,2,2,5,3,4,1,3,4,3,1,4,4,1,4,4,2,3,2,2,4,4,2,4,2,3,4,4,2,3,2,4,3,4,2,4,2,1,2,2,2,1,1,4,2,3,1,5,2,4,1,2,4,4,1,4,5,1,4,4,1,5,1,3,5,4,3,5,4,2,4,4,4,4,2,3,4,3,2,4,2,2,4,2,5,5,1,2,5,1,3,5,1,5,2,5,5,2,4,1,2,2,3,1,1,3,1,3,4,2,4,3,3,2,3,5,5,4,4,1,4,2,2,3,1,5,4,1,5,3,1,1,5,2,4,5,1,3,1,2,5,2,1,2,3,1,4,4,1,5,1,2,5,3,1,5,4,2,5,3,5,5,1,3,5,3,1,4,2,1,1,2,1,1,1,36,1,1,2,1,1,1,2,1,2,1,2,1,2,1,2,1215,1,0,17,17,0,0,"0,92"
16,19,4,3,1,4,1,5,5,5,2,4,4,3,4,4,2,5,3,3,3,4,4,4,5,3,1,4,1,5,5,4,3,4,4,1,3,4,4,5,1,2,5,4,1,5,2,2,3,3,4,2,2,4,3,3,2,4,2,4,1,2,4,3,2,3,4,2,4,4,2,3,3,3,4,1,4,3,4,2,2,3,4,4,4,3,4,4,3,5,3,3,5,1,3,4,3,2,4,4,4,3,3,4,3,4,3,4,1,4,3,4,4,4,1,4,2,3,3,4,3,4,4,2,4,2,4,2,3,3,3,3,3,4,3,2,3,3,3,2,2,4,1,1,1,4,2,4,2,3,2,4,2,4,4,4,4,4,2,4,3,2,4,5,1,5,2,5,5,4,2,5,2,4,3,4,5,5,3,1,3,3,4,2,1,4,1,1,1,5,1,4,1,3,5,4,1,4,5,2,5,4,1,5,1,3,5,3,3,5,5,1,3,3,5,5,1,3,5,4,1,5,3,4,4,4,5,5,3,1,5,3,4,2,1,3,4,5,5,1,5,3,2,2,5,4,1,5,1,3,5,3,3,5,4,1,5,5,5,3,2,3,5,3,3,4,4,5,2,4,2,4,4,1,5,3,5,1,2,2,4,1,4,1,3,3,2,4,4,3,1,5,1,5,5,5,2,5,4,2,5,4,4,2,1,4,2,4,4,5,2,1,1,2,1,1,2,35,1,2,2,1,2,1,2,1,2,1,2,1,2,1,2,1237,1,0,17,17,0,0,"0,86"
17,20,3,1,2,3,1,5,2,5,2,4,3,4,2,5,3,5,4,3,2,4,4,3,4,2,1,3,1,5,3,5,2,4,4,2,4,2,4,5,2,3,4,4,1,4,2,2,2,2,2,2,1,2,3,2,1,3,2,5,1,3,5,3,2,3,4,1,2,1,1,1,1,3,3,2,4,2,1,4,1,5,2,2,5,1,1,2,3,1,2,3,5,2,4,3,5,2,2,1,3,3,1,3,2,4,4,1,1,2,1,3,2,3,3,3,4,4,3,2,3,2,3,2,2,3,2,2,3,1,3,2,2,3,2,2,2,2,2,2,2,3,3,2,1,4,2,4,2,1,3,2,2,2,3,2,3,1,3,2,1,4,2,2,4,2,2,3,1,4,3,3,5,1,2,2,3,2,2,1,2,2,4,1,1,2,5,1,1,5,1,5,1,1,5,2,1,2,5,1,4,3,1,5,1,4,3,3,3,4,4,2,3,2,4,5,4,3,4,4,2,5,1,1,4,1,3,4,2,2,4,1,2,4,1,5,1,1,5,1,1,1,2,1,4,2,1,3,1,5,4,2,5,3,4,2,4,5,4,5,5,2,4,3,1,4,1,1,4,1,4,4,2,1,4,1,1,4,1,5,1,1,5,1,2,1,5,1,4,3,1,3,1,5,5,2,3,4,5,1,3,1,4,5,1,4,4,4,1,4,2,1,1,1,1,2,1,54,1,1,2,1,1,1,2,1,1,1,2,1,2,1,2,1551,1,0,17,17,0,0,"0,6"
18,22,4,2,2,4,3,2,2,5,4,3,1,4,3,4,2,3,5,4,2,4,4,1,4,4,1,3,1,3,3,4,2,4,5,1,4,1,4,3,1,1,3,3,2,4,5,1,1,2,1,4,1,3,5,1,1,3,1,5,2,3,5,2,4,4,2,1,4,1,1,2,1,4,1,3,4,2,2,3,2,5,2,3,5,3,3,3,3,1,3,4,4,3,3,2,2,4,2,3,2,5,4,2,3,2,2,2,1,2,4,2,2,4,3,3,4,1,2,2,2,4,2,4,4,3,3,3,2,2,2,2,5,2,3,2,2,1,2,4,2,4,3,1,2,3,1,5,2,3,5,1,3,4,2,1,4,4,2,3,2,2,4,4,2,4,2,2,4,3,2,2,2,3,3,4,2,4,3,4,2,2,1,5,1,2,4,2,2,3,2,4,3,3,4,2,2,4,2,2,4,4,1,5,2,2,2,5,2,4,2,2,4,4,2,3,2,3,3,3,2,4,3,1,3,1,3,5,1,2,5,1,1,2,1,5,2,3,5,1,3,2,2,1,4,1,1,2,1,4,1,2,5,1,1,3,1,5,4,3,5,2,3,2,3,1,3,5,2,1,2,3,2,2,3,1,3,5,3,4,3,3,3,4,2,2,5,1,5,5,1,4,1,2,4,2,2,4,4,2,4,3,3,3,2,4,2,2,4,4,2,2,2,1,1,2,2,33,1,1,2,1,1,1,1,1,1,1,2,1,1,1,1,1128,1,0,17,17,0,0,"1,16"
19,23,3,1,2,4,3,2,2,4,3,3,2,4,3,4,2,3,3,3,2,4,4,3,4,2,2,4,2,4,2,4,2,3,2,4,4,4,2,3,2,4,3,4,4,4,3,2,2,3,2,2,2,3,2,3,2,4,3,4,3,3,3,4,2,3,3,3,3,2,4,2,3,3,3,3,3,2,3,3,2,3,2,3,3,2,3,2,3,2,2,2,5,2,4,2,4,2,3,3,3,5,2,2,2,2,4,2,2,2,2,2,3,3,3,3,4,4,3,3,3,3,3,4,2,3,3,3,5,2,3,2,2,3,2,2,3,3,3,4,4,3,3,2,3,4,3,4,2,3,4,3,3,3,4,4,3,2,2,4,3,3,5,3,3,4,4,2,3,4,3,3,3,3,3,3,2,3,2,2,2,3,2,2,2,3,2,2,2,5,3,5,1,3,5,4,1,4,5,1,4,2,1,5,2,3,3,4,2,4,4,1,3,3,4,4,2,3,4,3,3,5,3,3,4,2,4,4,4,3,4,2,3,3,3,2,3,3,4,1,4,2,2,3,4,3,1,4,1,5,4,3,4,4,5,2,4,3,5,4,1,3,5,3,2,4,2,4,2,3,3,2,4,2,3,2,2,5,2,4,1,2,5,4,1,3,4,1,4,4,2,4,2,2,3,5,2,4,4,2,3,4,3,3,2,4,3,4,3,4,2,1,1,1,1,2,1,34,1,1,2,1,1,1,1,2,2,1,2,1,2,2,2,872,1,0,17,17,0,0,"1,34"
20,24,3,4,3,3,4,3,2,4,2,2,1,5,2,5,1,2,4,3,2,4,4,2,4,2,2,3,2,4,4,4,3,3,4,2,4,4,4,4,3,4,3,4,2,4,3,2,3,3,3,3,2,3,3,2,2,4,2,5,2,3,5,3,2,3,4,2,4,1,2,3,1,2,3,3,2,4,2,3,3,5,2,3,3,4,3,4,3,3,2,4,4,2,4,4,4,4,3,2,4,2,3,2,4,5,4,2,3,3,3,3,4,4,2,4,3,3,3,4,3,3,4,2,3,4,3,4,2,4,3,3,3,4,4,2,4,3,4,4,3,4,3,2,3,4,2,5,2,4,4,3,3,3,3,2,4,2,1,3,1,3,4,4,3,4,2,2,4,5,3,5,2,4,3,4,3,4,3,2,3,3,2,1,2,3,3,2,1,4,2,5,1,2,4,3,2,4,4,2,4,2,1,4,1,3,4,4,2,5,3,2,4,4,2,3,2,4,3,4,4,3,3,3,4,1,4,5,3,3,3,2,3,5,1,5,3,5,5,1,3,2,2,2,5,1,1,3,1,2,4,3,3,4,5,2,4,5,5,5,2,4,3,2,3,4,4,2,3,2,2,2,2,2,3,2,1,4,2,5,2,4,4,3,2,2,4,2,5,1,1,4,2,3,4,4,2,4,4,1,4,4,5,5,2,4,4,4,3,5,2,1,1,1,1,2,2,37,1,1,2,1,1,1,2,1,2,1,2,1,2,1,2,934,1,0,17,17,0,0,"1,19"
21,25,5,1,1,4,1,5,3,5,1,3,4,2,4,4,5,3,2,3,5,3,4,4,5,1,1,4,1,5,3,4,2,3,4,2,4,5,5,4,3,3,4,2,3,4,3,1,3,3,4,1,2,5,1,1,2,5,3,5,1,2,5,3,2,4,5,2,5,1,1,3,3,3,2,3,2,2,2,4,2,4,3,3,4,3,2,2,4,2,3,1,3,3,2,2,3,3,4,1,3,3,1,5,4,4,4,2,4,2,4,3,4,2,2,2,3,2,3,3,2,2,5,1,3,3,5,2,3,3,4,1,2,2,2,3,4,2,4,2,3,2,2,2,2,4,3,3,1,1,3,3,2,4,4,2,3,3,3,4,3,3,3,3,3,3,3,3,3,4,4,3,3,3,4,2,2,3,3,3,3,3,3,3,2,4,3,1,1,4,3,5,1,1,3,3,1,3,5,1,5,1,1,5,1,2,4,5,1,5,5,1,4,5,5,2,1,2,5,3,5,5,4,1,2,2,2,2,2,3,4,1,2,4,1,5,3,3,4,4,2,2,4,4,5,1,1,4,1,1,4,3,2,5,5,1,3,5,5,5,1,3,5,2,2,3,3,5,4,1,4,3,3,2,4,2,4,2,2,4,4,4,4,2,4,1,2,3,5,1,1,5,1,5,4,3,3,5,4,1,5,5,5,5,2,4,4,1,3,4,2,1,1,1,1,2,2,67,1,2,2,1,1,2,2,1,2,1,2,1,2,1,2,1573,1,0,17,17,0,0,"0,64"
22,26,2,3,3,3,3,4,4,4,2,3,4,2,2,2,2,3,3,3,3,4,2,3,4,4,2,4,2,4,4,3,3,2,5,2,3,4,4,5,3,2,5,3,2,4,2,2,4,2,2,2,1,2,2,1,1,5,4,5,2,3,2,4,1,2,4,1,4,4,2,4,2,4,4,2,3,3,4,1,2,4,3,5,3,3,4,3,2,4,2,4,5,3,5,2,3,2,5,3,5,4,2,2,2,2,4,1,2,2,3,2,3,4,3,3,4,4,4,2,4,3,4,2,3,4,4,3,3,1,4,2,2,4,3,2,3,3,3,3,3,3,4,2,3,3,3,4,2,3,3,1,3,4,2,3,4,4,2,3,2,4,4,2,2,4,3,2,3,5,4,4,3,3,4,4,2,3,3,1,2,3,2,1,1,3,1,1,1,4,4,4,2,2,3,5,2,3,5,1,4,2,2,3,2,3,4,3,2,4,4,1,2,4,3,4,3,3,4,4,3,4,2,4,4,2,3,4,3,2,4,1,2,3,1,4,3,2,4,2,4,2,2,2,5,1,1,3,1,5,5,2,5,4,4,1,3,5,5,5,3,2,5,2,1,5,2,5,4,2,4,2,3,3,5,1,3,4,1,4,2,2,4,2,2,3,4,3,5,4,1,5,1,3,3,1,5,3,5,1,4,5,5,5,3,3,5,3,1,4,2,1,1,1,1,2,1,29,1,1,2,1,2,1,1,2,1,1,2,1,2,1,2,980,1,0,17,17,0,0,"1,35"
23,28,4,1,3,3,4,2,3,4,4,2,2,3,2,3,2,2,4,2,2,4,2,3,4,2,3,3,2,4,4,4,4,3,4,1,3,3,5,5,2,1,4,3,1,4,3,3,3,3,3,2,1,3,4,1,1,4,2,3,2,2,5,3,1,3,4,1,4,2,2,5,2,3,2,3,4,4,4,2,2,4,4,4,4,2,3,2,4,3,3,3,4,3,4,4,3,2,4,2,3,3,1,3,3,3,4,2,3,2,3,3,3,3,3,3,3,3,4,2,4,2,4,2,2,3,4,4,4,1,3,2,2,3,3,3,4,2,3,3,3,2,4,2,3,3,2,3,2,2,3,2,2,3,2,1,4,2,2,3,2,2,4,3,4,4,3,2,4,3,4,4,2,4,3,3,4,4,3,1,3,2,2,2,1,3,3,2,1,5,1,3,2,2,5,3,1,2,5,1,5,1,1,5,1,1,3,4,1,5,4,1,5,3,4,5,1,5,4,3,3,5,3,1,3,3,3,4,2,2,4,1,1,5,1,5,2,5,5,2,1,1,5,1,3,3,1,3,1,3,4,3,2,4,5,1,5,5,5,3,2,2,5,1,2,4,3,4,3,2,4,2,2,1,5,1,1,5,1,5,1,3,5,3,2,2,5,1,5,1,1,3,2,2,3,2,4,5,3,2,4,3,4,3,2,4,3,2,4,4,2,1,1,1,2,1,2,30,1,1,2,1,2,1,1,1,2,1,2,1,2,1,2,772,1,0,17,17,0,0,"1,61"
24,29,4,2,3,2,3,2,4,5,1,2,2,4,2,4,3,4,4,4,2,3,3,3,5,1,1,5,1,4,5,4,3,4,4,1,4,3,5,5,2,2,5,4,2,4,2,2,3,2,2,3,1,3,3,1,1,5,1,4,2,4,4,2,1,3,5,1,4,2,3,3,3,4,4,3,3,4,3,1,3,3,4,4,2,3,3,2,2,4,2,4,4,2,4,2,2,3,3,2,4,3,2,2,2,2,4,3,1,3,4,2,4,3,3,2,4,2,3,4,2,2,4,4,3,1,2,5,4,2,3,4,4,2,2,2,4,1,4,4,4,4,2,2,3,5,2,4,1,1,4,2,2,4,4,1,4,2,2,3,2,4,3,4,4,4,3,3,4,4,4,1,3,4,2,3,5,3,2,2,3,2,2,2,2,3,3,2,1,5,2,4,2,1,4,3,1,4,4,2,4,2,1,5,2,2,3,4,2,5,3,1,5,5,4,5,2,4,4,4,2,4,2,3,5,1,5,5,2,2,4,1,3,3,1,4,2,2,4,3,2,2,4,2,4,4,1,5,1,1,5,5,1,5,4,1,5,4,5,5,1,4,5,4,1,5,3,5,4,2,3,2,2,2,5,1,2,5,1,3,2,5,5,2,1,1,4,1,4,1,1,5,1,1,1,4,1,5,3,1,5,4,4,5,1,4,2,4,4,5,2,1,1,1,2,1,2,25,1,1,2,1,2,1,1,1,2,1,2,1,2,1,2,1126,1,0,17,17,0,0,"0,99"
25,30,2,3,5,2,4,4,4,5,4,1,2,4,1,2,2,2,4,2,2,4,4,2,5,1,2,4,1,2,4,5,1,5,4,2,5,5,5,4,1,4,4,2,2,5,2,1,2,2,1,4,2,2,4,4,2,2,2,4,2,1,4,5,2,2,4,2,4,2,4,4,2,4,2,2,2,4,2,4,2,4,5,4,2,4,2,2,4,2,1,4,5,1,4,1,4,2,4,1,1,5,2,2,1,2,5,2,1,2,4,1,4,5,4,2,2,2,2,2,4,2,5,2,3,2,2,2,4,2,2,4,4,2,1,1,2,2,1,4,1,5,5,1,2,4,1,5,2,5,4,4,4,4,2,2,4,1,2,4,2,2,4,4,2,4,2,2,5,4,4,4,2,5,4,4,4,4,1,1,2,1,1,4,1,2,4,1,1,4,1,5,2,1,4,5,1,4,5,2,5,1,1,4,2,2,4,5,2,4,3,2,3,2,4,4,2,4,3,4,2,5,1,4,5,2,4,4,2,2,5,2,2,5,2,2,1,4,5,2,2,2,3,2,5,1,1,2,1,1,4,4,1,4,5,2,4,2,5,5,1,4,4,2,2,5,1,1,4,1,1,1,2,1,5,1,1,4,2,5,1,1,4,5,1,1,5,2,5,1,1,2,2,4,5,2,2,5,5,2,4,2,4,5,1,4,4,5,4,4,2,1,2,1,1,1,2,30,1,1,2,1,1,1,1,1,2,1,2,1,2,1,2,1199,1,0,17,17,0,0,"1,03"
26,32,3,3,2,3,3,3,2,4,2,3,3,4,2,3,2,2,4,3,2,4,4,3,4,4,2,4,2,4,4,4,2,4,4,2,4,3,4,4,4,2,4,2,3,4,3,1,3,3,2,2,2,3,3,2,2,2,2,4,1,2,3,3,2,2,4,1,4,1,1,4,1,2,3,2,2,4,2,2,4,3,4,4,4,3,4,2,4,3,2,4,3,2,4,2,2,2,5,1,3,3,2,2,2,2,4,3,2,3,4,2,4,4,1,4,2,4,4,3,4,3,3,2,3,4,3,3,4,3,3,3,3,3,2,2,3,2,4,2,2,3,3,2,2,4,2,4,2,2,4,4,2,4,3,3,4,4,2,4,2,3,3,4,2,4,4,2,4,3,4,4,3,4,3,3,4,3,2,2,2,2,2,2,2,3,3,2,1,4,2,4,2,2,4,2,2,2,4,2,4,2,1,5,1,4,4,4,2,5,3,2,4,4,4,4,4,4,4,3,2,4,2,2,4,3,4,4,2,2,3,2,2,3,2,4,2,3,4,2,2,2,2,3,5,2,1,2,3,4,4,2,4,4,4,2,4,4,4,4,2,3,4,3,1,5,2,2,3,2,1,1,1,1,4,2,1,5,1,4,1,2,3,4,2,2,5,1,5,2,1,4,1,4,4,2,3,5,5,1,5,4,5,5,2,4,4,4,2,5,2,1,1,2,1,1,2,46,1,1,2,1,2,1,2,1,2,1,2,1,2,1,2,1281,1,0,17,17,0,0,"0,83"
27,33,3,1,1,3,3,4,1,5,1,4,1,3,4,4,3,5,5,4,2,3,4,3,4,5,3,5,1,3,4,5,2,5,5,1,4,2,5,1,2,2,5,5,1,5,2,1,2,3,3,1,1,3,1,1,1,5,1,5,1,5,4,4,1,1,5,1,4,1,1,4,1,1,3,5,2,4,3,2,4,4,4,4,2,5,2,2,2,4,3,5,4,3,4,4,4,3,4,3,4,2,2,1,2,2,4,2,3,2,4,3,3,5,4,5,2,3,5,4,3,3,3,1,3,3,4,1,3,1,5,4,2,4,3,2,2,3,2,2,2,5,1,4,3,3,3,4,3,4,3,4,3,4,4,2,4,2,1,5,1,5,2,5,2,5,3,1,4,4,4,2,2,3,4,5,2,5,3,1,2,3,3,2,2,3,2,3,2,4,2,4,2,4,4,5,1,3,5,2,5,4,1,5,1,3,4,4,2,5,4,1,4,2,5,5,1,2,5,5,2,4,3,1,2,3,3,2,1,3,2,2,1,5,1,5,1,5,5,3,1,1,4,2,5,1,1,5,1,5,3,4,3,4,5,1,3,4,5,1,3,1,5,4,1,5,2,4,3,3,3,2,3,1,4,3,4,2,3,1,3,1,4,3,3,2,4,3,5,5,1,5,1,5,3,2,3,4,4,1,3,2,5,1,2,2,5,5,2,4,2,1,2,1,1,1,2,70,1,1,2,1,2,1,2,1,2,1,2,1,2,1,2,1609,1,0,17,17,0,0,"0,62"
28,34,4,2,3,3,3,2,2,5,3,3,3,2,2,2,4,4,3,3,3,3,2,3,4,2,2,3,1,3,4,3,3,4,4,2,3,3,5,5,3,3,4,2,1,3,2,1,2,2,2,3,2,3,2,2,2,3,3,4,3,3,2,3,3,3,4,2,3,1,2,2,2,3,2,3,2,3,2,3,4,4,3,4,2,3,2,2,4,3,1,5,4,3,4,3,4,3,3,3,4,1,3,2,4,3,3,3,4,3,2,3,2,4,4,3,4,4,4,3,4,3,4,1,3,2,4,3,3,3,3,2,2,3,2,4,4,2,4,4,4,3,3,2,4,3,3,3,3,3,3,2,4,3,2,3,4,2,2,4,2,4,3,3,4,3,3,2,2,4,4,4,3,3,4,3,2,3,2,4,3,3,4,3,3,3,3,3,3,4,3,3,3,3,3,3,3,3,3,3,4,2,1,4,2,3,3,4,2,4,2,3,4,3,4,2,2,3,3,2,2,4,2,2,4,1,4,4,3,2,4,2,2,4,2,4,3,5,5,2,3,3,2,3,4,2,2,2,2,5,3,3,4,3,4,2,3,3,5,3,3,3,4,3,1,3,2,4,3,2,3,3,2,2,3,2,2,4,3,4,2,3,3,3,2,2,5,2,5,4,1,4,2,2,3,3,3,5,3,3,4,3,4,3,3,4,3,4,3,4,2,2,1,2,2,1,2,35,1,1,2,1,1,2,1,2,1,1,2,1,2,1,2,1069,1,0,17,17,0,0,"1,01"
29,35,3,1,2,4,2,3,4,4,4,4,2,4,4,4,2,3,3,3,3,4,3,3,3,2,3,4,2,3,3,4,2,4,2,4,4,4,3,2,2,4,3,4,4,3,3,1,3,3,3,2,1,3,3,3,2,4,3,3,2,2,3,3,2,3,4,2,4,2,3,3,3,3,2,2,4,2,2,3,3,4,3,2,3,3,2,2,4,2,3,4,4,2,4,4,4,3,4,1,2,4,2,3,2,2,5,2,2,2,3,3,4,4,4,3,3,4,4,2,3,3,3,2,2,3,4,3,2,3,3,2,2,3,3,2,3,3,2,3,4,4,3,3,2,2,3,3,3,2,3,4,3,3,3,3,4,2,3,3,3,3,3,3,3,3,3,3,3,2,3,3,3,3,3,3,3,3,3,2,3,3,4,2,2,4,2,3,1,4,2,4,1,1,3,3,2,3,4,1,5,2,1,5,1,1,5,3,2,5,4,2,4,3,4,2,3,3,4,3,2,3,2,2,5,1,5,5,4,2,5,1,4,2,1,2,4,4,4,1,4,2,2,3,4,3,1,5,1,1,5,2,3,5,4,4,4,4,4,4,2,3,4,3,3,3,2,4,4,2,4,4,3,1,3,2,4,2,2,3,4,2,5,2,3,2,2,2,4,3,2,3,3,3,5,2,3,4,3,3,4,3,3,3,2,4,3,3,3,3,2,1,1,2,1,1,2,32,1,2,2,1,1,1,2,2,1,1,2,2,2,2,2,1006,1,0,17,17,0,0,"1,22"
30,36,3,1,2,3,1,1,3,4,2,2,1,4,2,4,1,3,5,4,1,4,4,2,4,1,2,4,2,4,4,4,2,4,5,2,4,4,5,5,2,3,5,4,1,4,2,1,4,2,2,4,1,3,4,1,1,4,1,5,1,2,5,2,1,4,5,1,3,1,1,3,1,1,1,2,3,4,3,2,2,5,4,4,4,4,2,3,4,3,2,4,4,3,4,4,5,4,2,1,2,5,2,1,2,2,4,2,3,2,2,1,3,2,3,4,4,3,2,4,2,3,3,4,3,3,3,3,4,3,3,2,4,3,2,1,4,2,2,4,5,4,4,1,1,5,2,4,1,2,3,4,4,4,1,3,3,1,2,4,2,2,3,4,2,4,2,4,2,4,2,4,3,4,2,4,4,4,2,1,3,2,4,1,1,3,4,1,1,5,1,4,1,1,5,3,1,3,4,1,4,1,1,4,1,3,5,3,1,5,4,2,4,4,4,4,2,4,5,3,2,4,3,1,5,2,4,5,5,2,3,2,4,2,3,2,4,5,4,1,5,2,1,2,4,1,1,4,1,1,2,3,3,5,3,1,5,5,5,5,1,3,5,2,1,5,2,2,4,2,2,4,2,1,5,1,2,5,1,4,4,5,5,2,2,1,5,1,4,2,1,4,2,4,3,2,4,4,5,2,3,2,5,5,3,2,4,4,1,3,2,1,1,1,1,2,1,38,1,1,2,1,1,1,1,1,1,1,2,1,2,1,2,1334,1,0,17,17,0,0,"0,85"
31,37,3,2,2,3,2,2,2,4,2,3,2,4,3,5,2,5,3,4,2,4,4,3,2,4,2,4,2,2,3,5,1,4,4,2,3,2,4,3,2,4,4,4,3,4,2,2,4,2,4,2,1,3,3,1,1,5,3,5,1,2,4,3,1,3,5,1,3,1,3,3,3,3,2,3,3,3,2,4,3,4,3,4,3,4,2,2,4,2,2,4,5,1,5,5,3,3,4,2,4,3,3,1,4,1,4,2,3,1,4,3,4,4,3,3,4,4,2,3,4,2,3,2,3,3,5,3,5,1,4,1,2,3,3,2,3,3,1,1,1,4,2,2,2,5,3,5,3,3,1,3,2,3,4,2,4,2,2,4,1,1,2,5,1,5,2,3,3,4,3,5,1,4,3,4,4,4,3,2,2,3,2,2,2,4,2,2,2,5,3,4,2,2,2,4,2,3,4,2,4,1,1,4,2,2,3,4,1,4,3,2,4,5,4,3,2,4,3,4,3,4,4,1,5,2,4,4,2,2,4,2,3,3,3,5,4,5,5,2,3,3,2,3,5,1,1,4,1,4,4,3,3,4,4,1,3,3,5,3,1,3,5,2,2,5,4,4,4,1,4,4,1,1,5,1,4,3,3,2,4,4,3,3,3,2,3,3,5,3,1,5,1,2,3,4,2,5,5,1,3,3,5,3,1,5,3,5,3,3,2,1,1,1,1,2,1,37,1,2,2,1,1,1,1,1,2,1,2,1,2,1,2,1032,1,0,17,17,0,0,"1,29"
32,38,3,1,4,4,4,5,4,4,2,1,3,4,2,3,2,3,4,1,2,5,4,2,3,2,4,2,4,4,5,5,1,4,4,1,4,2,4,5,1,4,5,5,1,5,4,1,2,1,1,1,1,2,5,1,1,5,1,5,1,2,5,4,2,2,5,2,4,1,1,2,1,1,2,2,4,4,2,4,1,5,4,4,5,5,1,2,5,1,4,3,4,2,4,4,4,3,2,1,5,1,1,1,2,1,3,1,5,2,1,3,2,4,2,4,4,4,4,4,2,4,5,1,5,2,4,4,1,2,4,3,2,5,3,2,2,3,2,1,2,3,4,2,2,4,1,5,1,2,5,1,1,3,5,1,4,1,2,2,2,1,3,4,4,4,2,2,4,4,2,4,4,4,2,4,4,4,2,2,2,2,1,1,1,2,4,5,1,5,1,5,1,1,5,5,1,3,5,1,4,3,1,5,2,2,2,5,1,4,3,2,4,4,4,4,3,4,2,5,4,4,1,4,5,1,5,5,5,2,2,1,4,5,1,4,4,4,4,1,5,1,1,2,4,2,1,2,1,1,4,3,1,5,5,2,5,1,5,5,1,4,2,3,2,5,2,5,2,1,1,1,2,1,5,1,1,5,1,5,1,2,5,4,1,2,5,1,5,1,1,4,1,1,2,4,1,5,5,2,4,4,4,5,2,4,4,4,2,5,2,1,1,1,1,2,1,45,1,1,2,1,1,1,2,1,2,1,1,1,2,1,2,1120,1,0,17,17,0,0,"0,95"
33,39,3,2,3,4,3,2,4,4,2,2,2,4,2,4,2,2,4,4,2,4,2,2,4,2,2,4,2,2,2,4,1,4,2,3,4,4,3,4,2,4,4,4,2,4,3,2,3,3,2,2,2,3,4,3,2,4,2,4,2,3,4,3,2,3,4,2,3,3,2,3,2,4,4,3,4,3,3,2,2,4,3,2,3,2,3,3,2,3,2,3,4,2,4,2,3,3,3,2,3,2,2,3,3,2,2,2,2,2,3,3,3,4,3,4,3,2,3,3,3,2,4,2,3,3,3,3,3,2,3,2,3,3,3,2,3,2,4,3,4,3,3,2,3,4,2,3,3,3,3,2,3,3,2,3,4,2,2,3,3,3,3,4,3,4,3,3,2,4,2,2,3,4,3,3,2,3,3,2,4,2,4,3,2,3,3,2,2,4,2,4,2,2,4,3,3,4,3,2,4,3,1,4,2,2,4,3,3,4,4,2,4,3,4,4,2,3,4,3,2,4,2,2,4,2,4,4,2,3,3,1,2,5,2,4,2,2,4,1,2,2,3,2,5,2,1,4,1,2,5,2,3,4,4,2,3,4,5,5,2,2,4,1,1,4,3,1,4,1,4,4,2,1,4,1,2,5,1,4,2,2,4,1,3,2,2,2,4,3,2,4,2,2,2,2,4,4,4,2,4,3,4,2,2,4,4,3,2,4,2,1,1,1,1,2,1,38,1,1,2,1,1,1,2,1,2,1,2,1,2,1,2,802,1,0,17,17,0,0,"1,46"
34,42,4,4,3,3,3,3,3,5,4,3,3,4,3,5,3,3,3,4,3,3,3,3,3,3,2,4,2,3,3,5,2,5,3,3,3,3,4,3,3,4,3,3,3,3,3,1,4,2,2,3,2,3,3,2,1,4,2,4,2,3,4,3,2,3,4,2,3,1,2,2,2,3,2,3,3,3,3,3,2,4,3,3,4,4,3,3,3,3,3,4,5,2,4,3,4,4,3,1,2,4,2,2,2,3,3,2,2,3,3,1,3,3,3,3,3,5,3,4,3,2,3,3,3,3,3,3,4,3,3,2,3,3,3,2,4,2,4,3,2,4,3,2,3,4,2,4,2,3,4,3,2,3,4,2,3,2,2,3,2,2,2,4,3,4,3,3,3,3,3,3,3,4,3,3,3,3,3,1,3,3,3,4,1,3,3,2,1,4,1,3,1,2,4,3,2,3,4,2,4,3,2,4,2,2,3,5,2,4,3,2,4,3,3,3,3,4,3,3,3,4,3,1,4,2,4,4,2,2,5,1,2,5,1,4,2,3,5,2,2,2,4,2,4,1,1,2,1,2,4,3,3,5,3,2,4,4,4,3,2,3,4,2,3,4,3,4,3,1,3,3,4,1,4,2,2,4,1,4,4,3,5,3,2,2,3,2,3,2,1,3,1,1,4,2,2,5,3,2,4,3,4,3,2,4,3,4,3,4,2,1,1,1,1,2,2,40,1,1,2,1,1,1,1,1,1,1,2,1,2,1,2,1342,1,0,17,17,0,0,"0,83"
35,43,5,1,1,5,1,1,1,5,1,5,1,5,5,5,1,1,5,5,2,5,5,1,5,1,5,5,1,5,5,5,1,5,5,1,5,1,5,5,1,1,5,1,1,5,1,1,1,1,1,1,1,1,5,1,1,5,1,5,1,1,5,5,1,1,5,1,1,1,1,1,1,5,1,1,5,1,1,5,1,5,1,1,5,1,1,1,5,1,1,1,5,1,5,5,5,1,5,1,1,1,1,1,1,1,5,1,5,2,1,1,1,5,5,5,5,5,5,1,5,1,5,1,5,5,5,5,5,1,5,1,1,5,1,1,5,1,5,5,5,1,5,1,1,5,1,5,1,1,5,1,5,1,1,5,1,1,5,1,5,5,5,1,5,1,5,1,1,5,5,5,5,1,5,1,1,5,1,1,1,1,1,1,1,5,1,1,1,5,1,5,1,5,5,5,1,1,5,1,5,5,5,5,1,5,5,1,5,5,5,1,5,1,5,5,1,1,5,2,1,5,1,1,1,1,1,5,1,1,5,1,1,5,1,5,1,1,5,5,1,1,5,1,5,1,5,5,1,5,5,1,5,5,5,1,5,1,5,5,1,1,5,1,1,5,1,1,5,1,5,5,1,1,5,1,1,5,1,5,1,5,5,5,5,1,1,1,5,5,5,5,1,1,5,1,5,5,5,2,5,1,5,5,1,1,5,1,1,5,2,1,1,1,1,2,1,70,1,1,2,1,1,1,2,1,2,1,2,1,2,1,2,1492,1,0,17,17,0,0,"0,77"
36,45,3,1,2,3,3,2,2,5,1,2,1,5,3,5,1,5,4,3,2,4,4,2,3,3,3,3,3,3,3,5,3,3,3,3,3,3,3,3,3,3,4,4,3,3,2,2,2,2,4,2,1,4,2,2,1,5,1,5,1,4,5,5,2,3,5,2,3,1,2,2,3,2,2,4,3,2,2,5,2,5,1,5,4,3,2,3,4,2,3,2,2,4,2,3,4,5,2,4,4,3,3,3,3,3,3,3,3,3,4,4,3,3,3,3,3,4,4,3,3,3,4,2,3,3,3,3,3,1,4,2,2,3,4,2,3,3,3,2,2,3,4,3,2,4,2,4,2,3,4,3,2,3,4,2,4,1,1,4,2,2,3,4,2,4,4,3,3,4,3,5,3,4,4,4,3,3,3,2,2,3,2,2,2,5,5,1,1,5,1,5,2,3,5,4,2,3,4,2,5,2,2,5,1,3,3,5,2,4,4,3,3,3,4,3,3,3,3,3,3,3,2,2,3,2,3,3,2,3,3,3,2,4,2,5,2,3,4,4,2,3,5,2,4,2,2,4,2,3,3,3,3,2,3,4,3,4,2,3,4,4,3,2,4,3,2,4,4,2,4,4,3,3,3,2,4,2,3,3,3,3,4,1,4,2,3,3,4,4,2,5,1,3,5,2,3,3,5,1,3,3,5,3,3,2,5,4,2,5,2,1,1,1,1,2,2,51,1,1,2,1,1,1,2,1,2,1,2,1,2,2,2,1256,1,0,17,17,0,0,"0,84"
37,46,3,2,4,4,4,4,3,5,2,3,2,4,2,3,1,1,5,1,5,3,1,1,5,3,2,4,1,5,5,5,1,5,4,1,5,2,5,4,1,5,5,5,1,4,2,3,2,3,1,2,5,3,3,2,2,4,2,4,2,3,5,2,2,3,3,3,5,1,1,3,2,5,5,1,5,1,3,3,3,3,3,3,5,3,2,1,5,2,5,2,3,3,3,1,4,5,1,4,2,4,5,1,2,2,2,2,2,2,2,2,3,3,3,3,3,3,3,3,3,3,3,3,3,3,3,3,3,3,3,3,3,3,3,2,4,2,4,2,4,4,4,2,3,4,3,4,3,3,3,4,4,3,4,2,5,2,4,4,2,4,4,2,3,4,4,2,4,3,4,4,2,2,4,5,2,4,2,2,2,3,3,3,2,3,4,2,2,4,2,5,2,2,5,3,1,3,5,2,5,1,1,5,1,5,5,2,2,3,3,1,1,5,5,1,5,1,5,5,1,5,4,4,5,1,5,3,4,1,4,1,4,1,2,4,4,4,4,4,4,1,2,2,5,3,1,3,1,4,3,3,3,4,4,1,5,2,4,4,2,4,4,3,2,4,2,4,4,2,4,2,2,2,4,2,2,4,1,5,1,2,5,2,2,2,4,2,5,2,2,4,1,5,5,1,5,4,5,1,1,3,5,5,5,1,3,5,1,5,2,1,1,1,1,2,2,43,1,1,2,1,2,1,1,1,1,1,2,1,2,1,2,789,1,0,17,17,0,0,"1,5"
38,47,3,2,4,2,4,3,3,4,3,2,3,3,3,4,3,4,4,2,4,3,2,3,3,4,3,3,3,4,4,4,2,3,4,2,2,2,4,3,2,2,4,3,2,3,3,2,2,3,2,2,2,3,2,3,2,4,3,4,2,3,3,3,2,4,3,2,3,2,4,2,3,3,4,3,3,2,3,3,2,3,3,3,3,2,3,3,2,3,2,2,5,2,4,4,5,5,1,2,5,2,3,2,3,3,3,2,4,3,2,3,2,4,5,4,3,5,5,5,2,3,4,2,4,2,3,4,2,3,4,3,3,3,1,3,5,1,5,3,5,2,4,2,2,3,2,4,3,3,4,2,3,3,3,3,3,2,3,3,3,4,2,3,2,2,2,4,3,4,2,3,3,3,2,3,4,2,2,3,4,2,3,2,3,3,3,2,2,4,3,4,2,3,4,3,3,3,3,2,3,2,2,4,2,3,4,4,3,4,3,2,4,4,4,4,4,2,4,3,3,4,1,4,5,1,4,3,5,2,4,3,4,2,1,2,3,3,3,1,5,3,1,3,3,3,3,3,3,3,3,3,3,3,3,3,3,3,3,3,3,3,3,3,3,3,3,2,5,2,5,3,3,1,5,1,2,4,1,4,2,3,3,3,2,2,4,2,3,3,2,4,2,3,5,4,2,4,4,2,2,3,3,3,2,3,3,3,3,3,2,1,1,1,1,2,1,58,1,2,2,1,1,2,2,1,2,1,2,1,1,1,2,963,1,0,17,17,0,0,"1,26"
39,48,4,2,3,2,4,2,2,4,2,2,2,4,1,4,2,4,5,2,2,4,3,2,4,2,2,2,1,4,5,5,4,3,4,2,4,2,5,2,1,2,5,3,2,4,4,2,2,2,2,4,2,2,2,2,2,4,2,4,2,2,4,2,2,2,4,2,4,2,2,1,1,2,2,2,3,4,3,3,4,4,4,4,2,2,3,2,2,4,2,2,4,1,3,3,2,2,4,1,2,4,2,2,2,4,4,2,2,2,4,2,4,2,2,4,1,2,4,4,3,2,3,2,4,2,4,2,2,3,2,2,2,3,2,2,4,2,4,2,2,4,2,1,1,5,2,4,1,5,4,2,2,4,2,2,4,2,1,3,2,2,2,4,2,4,2,2,4,4,4,2,2,4,2,3,4,3,1,1,4,2,4,2,1,3,2,2,1,5,2,5,1,4,5,2,1,4,5,1,4,2,1,5,1,2,4,3,2,5,5,2,5,2,5,2,1,4,4,3,2,4,2,1,1,1,5,5,4,1,5,1,2,4,2,3,2,4,4,3,3,2,1,1,5,1,1,5,1,2,4,4,2,5,5,2,5,2,4,1,1,4,4,3,2,5,1,1,5,2,5,4,2,1,5,1,1,5,2,5,2,4,4,3,2,2,4,2,5,2,1,4,4,2,3,4,3,4,2,2,3,3,4,4,2,3,4,4,3,4,2,1,1,1,1,2,2,29,1,1,2,1,2,1,1,1,2,1,2,1,2,1,1,1048,1,0,17,17,0,0,"1,09"
40,49,4,1,1,3,1,1,2,5,1,5,1,2,5,5,4,5,2,5,1,4,4,4,5,1,1,4,1,5,4,5,2,4,5,1,4,5,5,3,1,3,5,4,1,5,2,1,4,2,4,1,2,4,5,1,1,5,1,4,1,3,5,4,1,4,4,1,4,1,1,2,1,2,1,2,4,4,1,2,2,3,2,3,4,5,1,4,5,1,2,4,4,3,4,5,5,5,3,2,5,3,1,2,4,3,3,3,5,2,1,3,4,1,4,4,2,5,4,4,4,2,5,1,4,2,5,3,4,2,4,1,1,4,2,1,2,1,1,2,4,5,2,1,4,2,4,2,2,3,5,5,3,4,3,3,4,1,1,3,2,2,2,5,1,5,1,4,5,4,1,3,5,5,1,4,5,1,2,1,2,2,3,1,1,4,1,2,1,5,1,4,1,3,5,4,2,4,5,1,5,1,1,5,1,4,4,5,1,5,4,1,5,4,5,4,1,3,5,5,2,5,2,1,5,1,5,5,4,2,4,1,4,4,1,4,5,3,5,2,5,1,1,1,3,1,2,3,2,4,4,5,1,5,4,1,3,4,5,3,1,5,4,1,2,5,1,1,2,1,2,1,1,1,5,1,1,5,1,5,1,3,5,4,1,1,5,1,5,1,1,4,2,4,4,5,1,5,5,1,5,4,5,3,1,4,4,4,2,5,2,1,2,1,1,1,2,39,1,1,2,1,1,2,2,2,1,1,2,1,2,1,2,772,1,0,17,17,0,0,"1,53"
41,50,3,1,1,3,1,2,2,5,2,2,1,4,2,5,2,3,4,4,1,3,4,2,3,1,2,3,2,4,4,5,3,4,4,2,4,3,4,3,2,4,4,4,1,4,3,1,1,3,1,2,1,3,2,1,1,4,2,3,2,2,3,3,1,3,4,1,3,1,2,3,1,2,1,2,3,2,1,4,2,4,2,2,4,3,2,1,4,1,3,1,4,1,5,4,4,1,4,1,1,2,2,2,2,2,4,2,3,2,2,1,3,1,1,5,1,5,5,4,2,4,4,2,4,4,4,4,2,3,4,1,1,4,3,1,3,1,4,4,4,4,3,1,2,4,2,3,2,2,3,3,3,4,2,3,3,1,1,4,1,2,3,5,2,4,2,2,4,4,3,3,2,4,3,4,2,4,3,1,3,2,2,2,1,3,3,2,1,5,1,5,1,1,4,3,1,4,5,1,3,1,1,5,2,1,5,5,2,4,3,2,3,3,4,3,3,3,4,4,2,4,3,1,2,2,2,3,2,2,3,2,2,4,2,4,2,3,3,2,1,1,4,1,4,1,1,4,1,5,5,2,3,4,4,1,4,4,4,4,2,3,4,1,1,4,3,1,3,2,2,2,2,2,3,1,1,5,1,4,2,2,4,3,2,1,4,1,4,1,1,5,1,5,5,5,3,5,4,1,3,4,5,3,1,4,5,3,1,5,2,1,1,1,1,2,2,62,1,1,2,1,1,1,2,1,2,1,2,1,2,1,2,867,1,0,17,17,0,0,"1,26"
42,51,3,4,2,3,2,2,3,4,5,4,2,4,4,4,3,3,4,3,3,4,4,4,4,2,1,4,1,4,1,3,4,4,4,2,3,4,5,4,4,3,4,2,2,4,2,2,3,3,3,3,3,4,4,3,2,4,3,4,2,2,4,3,3,3,4,4,3,2,2,3,2,4,2,3,3,4,3,2,4,4,4,4,3,4,3,2,3,4,3,4,4,2,3,4,4,2,4,2,4,3,3,2,4,3,4,2,4,2,2,3,3,3,3,3,3,4,3,2,3,3,4,3,4,3,4,3,4,2,4,2,3,3,3,2,2,3,2,2,3,4,2,4,2,4,4,4,2,3,4,4,3,4,4,4,4,2,2,3,3,5,3,3,4,4,4,2,3,4,4,4,4,3,3,2,4,3,2,3,4,2,4,5,2,3,4,2,3,4,2,3,2,1,3,3,3,3,2,2,4,1,2,4,2,4,2,4,2,4,2,3,3,3,4,5,5,3,3,4,3,4,2,3,4,4,4,3,2,3,3,2,3,4,4,3,4,3,3,2,4,2,3,3,4,3,1,4,2,4,1,2,3,4,4,3,4,2,4,5,4,2,4,1,3,4,2,4,4,4,4,3,3,2,4,2,4,3,3,2,4,3,4,2,4,1,2,2,5,2,1,4,2,2,2,3,3,4,4,2,4,3,4,3,2,3,4,2,4,4,2,1,1,2,1,1,2,70,1,1,1,1,1,1,1,1,2,1,1,1,1,1,2,1739,1,0,17,17,0,0,"0,59"
43,52,4,1,3,4,2,2,1,4,3,2,1,4,3,4,2,3,4,4,2,4,5,2,5,4,1,4,1,1,5,4,3,4,4,1,4,2,5,3,2,4,5,4,2,4,2,1,2,4,3,4,3,3,2,4,3,2,2,3,4,3,2,3,4,2,2,3,2,2,2,1,2,2,4,2,4,2,3,4,4,4,5,3,3,3,4,4,2,2,1,4,4,1,5,1,3,2,4,1,4,5,2,1,1,2,5,4,2,1,4,2,4,4,2,3,2,1,4,2,4,4,5,1,2,2,2,3,2,5,3,4,2,4,2,1,4,2,2,2,5,3,4,2,4,2,1,3,1,3,5,4,2,2,1,3,3,2,1,2,2,2,4,4,3,4,4,2,4,2,2,2,2,5,4,4,2,3,2,2,2,3,2,1,2,2,3,2,1,5,2,5,1,3,5,4,1,3,5,1,5,3,1,5,1,2,4,4,3,4,3,1,4,4,4,3,2,3,4,4,2,4,2,2,4,1,4,5,4,2,5,2,4,5,1,3,3,4,5,2,3,2,4,2,5,1,1,4,1,5,4,2,5,4,4,2,4,4,5,3,5,1,5,2,1,4,2,5,3,1,2,3,2,1,4,2,4,5,2,3,2,3,5,2,2,2,3,2,5,4,1,5,1,1,4,2,2,5,4,1,4,3,4,3,2,5,3,4,3,5,1,1,2,1,1,1,2,27,1,1,2,2,2,1,2,1,2,1,2,1,2,1,2,795,1,0,17,17,0,0,"1,46"
44,54,3,1,3,3,3,4,2,4,5,3,2,4,1,5,3,4,5,3,4,3,3,3,3,2,4,2,4,5,4,1,5,1,4,1,1,2,4,3,5,1,4,2,1,3,3,1,5,1,5,4,2,3,4,2,2,4,2,5,1,3,5,2,1,3,4,1,3,4,4,2,4,4,4,2,5,1,2,5,2,5,2,3,5,1,3,3,4,1,2,2,5,1,5,4,5,4,5,1,3,5,1,4,2,3,5,2,2,2,4,1,2,4,4,4,4,5,5,4,2,1,4,2,3,2,4,3,5,1,5,2,1,1,3,3,4,2,3,3,4,2,4,3,3,4,2,4,2,3,5,2,4,3,2,2,3,1,2,4,2,2,2,4,2,4,3,2,4,3,4,3,3,4,4,4,2,4,3,2,4,2,4,4,2,3,4,1,4,3,2,4,3,3,5,1,4,3,2,2,3,4,2,4,2,2,3,5,2,4,4,2,5,3,3,3,2,3,4,4,3,4,2,1,5,1,5,5,2,1,5,1,2,5,1,5,1,3,5,1,3,2,2,2,3,3,4,3,2,4,4,3,4,2,5,2,2,2,5,3,5,2,5,2,1,3,2,1,5,1,5,5,1,1,5,1,3,5,1,5,2,3,5,1,2,1,3,1,3,1,2,4,2,3,4,4,2,4,4,1,4,2,4,3,2,4,4,4,2,4,2,1,1,1,1,2,2,36,1,1,1,1,1,1,1,1,2,1,2,1,1,1,2,1382,1,0,17,17,0,0,"0,76"
45,55,3,2,4,4,3,2,2,5,1,4,2,3,3,4,4,3,2,3,3,4,4,4,2,4,3,4,2,2,4,4,2,3,4,2,3,4,2,3,2,4,4,4,4,4,2,1,3,1,1,4,2,4,2,4,2,4,4,4,2,3,2,4,2,4,4,2,4,1,2,4,2,4,3,2,4,4,4,2,3,5,4,3,3,4,3,2,2,3,3,4,4,1,4,3,3,2,4,2,4,2,3,1,4,3,2,3,4,2,2,3,4,4,4,5,4,4,4,2,4,1,3,5,1,4,4,3,4,2,4,1,2,2,2,2,4,1,4,4,2,3,3,1,2,4,2,4,4,3,4,2,4,2,2,2,4,4,2,5,3,1,4,5,1,4,4,2,3,2,2,3,3,4,3,4,4,3,2,2,4,2,4,4,2,2,4,2,2,4,2,4,2,3,4,2,2,4,4,2,4,2,1,5,2,2,3,3,2,5,5,1,3,5,5,3,1,4,4,3,3,5,2,2,5,2,4,4,2,2,4,2,3,4,2,4,4,3,4,2,3,1,3,1,4,4,2,2,2,3,4,2,2,4,4,2,4,2,4,3,2,4,4,2,2,4,1,5,5,1,5,5,5,1,5,2,5,3,3,1,2,3,4,4,4,2,2,2,5,4,1,2,2,2,4,4,2,4,3,2,4,2,4,3,3,3,3,2,2,2,2,1,2,1,1,1,1,39,1,1,2,1,1,2,1,1,2,1,2,1,2,1,2,790,1,0,17,17,0,0,"1,51"
46,57,4,2,2,3,3,2,3,5,1,2,2,3,4,4,3,3,4,4,2,4,4,2,4,4,2,3,2,4,4,5,2,4,3,1,4,5,5,4,2,4,5,3,2,3,3,1,3,2,4,4,1,4,2,1,1,5,2,5,1,2,4,4,2,3,5,2,3,4,3,4,3,4,3,3,3,3,3,2,3,3,3,3,3,3,4,3,2,3,3,5,3,2,5,4,3,4,4,1,4,2,1,2,2,2,4,1,3,3,4,2,4,4,2,4,4,3,3,4,4,3,3,1,3,1,2,2,3,3,4,3,3,5,2,2,4,2,4,5,3,4,2,1,2,4,1,5,2,2,4,2,3,3,3,2,3,3,2,3,3,4,1,4,2,1,2,4,3,4,4,3,4,4,2,4,5,3,2,4,2,3,3,2,1,5,2,1,1,5,2,4,1,1,4,3,1,3,5,2,4,2,1,5,2,2,3,5,1,5,3,1,5,3,5,3,1,5,4,3,3,4,2,4,4,1,4,4,3,3,4,1,3,4,1,3,2,2,4,2,3,2,2,3,5,2,1,3,1,3,2,4,2,5,4,1,2,3,5,4,2,4,4,4,2,4,2,4,3,1,4,5,2,2,5,1,2,4,2,4,2,2,5,3,1,2,5,2,4,4,1,4,2,3,3,3,4,4,4,2,3,2,5,4,2,4,5,4,3,4,2,2,2,2,1,1,2,34,1,1,2,1,2,1,1,1,1,1,2,1,2,1,2,1116,1,0,17,17,0,0,"0,96"
47,58,3,3,3,4,3,3,3,5,4,4,2,4,3,5,4,3,3,4,3,4,4,4,4,4,2,4,4,1,4,4,4,2,4,2,3,3,4,3,3,3,4,4,4,4,2,3,4,2,4,4,3,4,2,2,3,4,3,4,2,3,3,4,2,3,4,2,2,2,2,4,2,3,3,5,2,1,1,3,3,4,2,3,3,4,3,4,3,2,2,3,4,2,4,4,3,2,4,2,3,4,1,4,2,3,3,1,4,2,2,2,2,2,3,3,4,3,3,2,3,3,2,4,3,3,3,3,3,4,2,2,2,2,2,4,4,2,4,2,3,4,3,2,3,2,3,3,2,3,3,3,3,3,2,2,3,2,2,4,2,3,2,4,2,2,2,3,3,4,2,3,3,4,2,3,4,2,2,2,4,2,2,2,2,4,2,3,4,2,2,3,3,3,4,4,3,4,3,2,4,2,2,4,1,2,2,5,2,4,1,4,2,5,4,3,3,4,3,5,4,4,2,2,2,4,1,2,2,3,3,2,2,3,3,4,2,3,3,3,3,2,3,2,4,2,1,3,1,2,2,4,3,4,1,4,3,4,4,3,3,4,2,3,4,2,3,1,1,3,2,2,1,1,4,2,1,4,3,4,2,3,3,4,2,2,4,1,4,2,2,4,1,2,2,4,2,5,1,4,4,4,4,3,2,4,3,4,4,4,1,1,1,1,1,2,1,84,1,2,2,1,1,1,1,1,1,1,1,1,1,1,2,1694,1,0,17,17,0,0,"0,62"
48,59,4,2,2,3,2,2,3,4,2,4,2,3,3,4,3,3,4,4,2,3,4,3,4,4,1,4,1,3,5,5,2,4,5,2,5,3,5,3,1,3,5,4,1,5,2,2,2,3,2,2,2,4,4,2,2,4,2,4,2,4,4,3,2,3,4,2,3,2,1,2,1,4,2,2,4,4,3,1,2,3,5,3,4,2,3,3,4,2,3,4,5,3,4,2,1,3,3,1,2,3,2,3,3,2,4,2,2,2,4,2,3,2,2,3,2,2,3,3,4,4,2,2,2,3,2,3,4,3,2,1,4,3,3,2,3,2,2,1,1,5,4,2,2,4,2,3,2,3,4,3,1,2,4,2,4,4,1,4,2,1,5,4,2,4,4,3,4,2,3,2,2,4,3,4,1,4,4,2,2,1,2,2,2,3,3,2,3,4,2,4,2,1,4,3,2,3,4,3,3,4,1,5,1,1,4,3,1,5,3,2,5,3,3,2,1,3,3,5,3,5,2,2,4,1,5,3,2,2,5,1,1,4,2,3,2,3,5,1,1,1,4,1,5,1,1,4,1,1,5,3,1,5,5,1,3,5,5,4,2,3,3,2,2,5,4,4,3,2,3,1,1,1,5,1,4,4,1,4,4,1,4,2,1,1,5,1,5,1,1,4,1,1,4,3,1,5,5,2,5,3,5,3,2,3,3,2,3,4,2,1,2,1,1,1,2,32,1,1,2,1,1,1,1,1,2,1,2,1,2,1,2,984,1,0,17,17,0,0,"1,22"
49,60,4,1,1,2,3,2,2,5,2,3,3,3,4,3,4,4,3,4,2,4,4,3,4,2,1,4,2,3,2,5,2,4,4,2,4,3,4,4,2,3,4,4,3,4,2,3,3,2,4,3,2,2,4,1,2,4,2,3,2,2,4,3,2,2,4,1,3,4,3,2,3,4,3,1,4,2,3,2,3,4,3,3,4,2,3,2,2,3,4,4,4,3,4,4,3,3,4,1,4,3,3,4,4,3,3,2,3,3,3,3,4,4,2,3,3,2,2,4,1,2,4,3,4,4,4,4,3,4,3,4,4,3,3,2,3,2,4,4,3,3,5,2,2,4,2,4,2,3,4,2,2,3,4,2,3,2,2,3,2,2,2,4,2,4,2,3,4,4,4,4,2,4,2,4,4,3,3,2,4,2,4,2,2,2,3,1,2,5,2,5,1,1,4,3,1,2,4,1,4,2,1,5,1,2,3,2,2,5,3,2,4,3,4,4,2,4,4,4,2,4,3,3,4,2,4,3,2,3,4,2,2,4,2,4,2,4,4,2,2,2,3,2,4,4,1,3,2,3,3,3,3,2,3,4,2,4,4,3,4,2,3,3,3,3,2,4,4,1,4,4,2,1,5,2,3,2,2,5,2,2,4,2,2,1,4,2,4,3,1,5,2,2,3,3,3,5,4,1,4,4,4,4,2,4,4,3,3,4,2,1,1,1,1,2,1,25,1,2,2,1,1,1,1,1,2,1,2,1,1,1,2,969,1,0,17,17,0,0,"1,29"
50,62,4,1,2,3,2,1,5,5,1,4,2,2,2,4,2,3,4,4,4,4,3,3,4,3,1,3,1,5,5,4,3,3,5,1,1,4,5,3,4,2,5,3,1,3,2,3,2,3,1,2,5,1,4,4,1,5,1,4,2,3,4,3,1,2,5,1,4,3,3,4,1,1,1,2,4,4,3,2,2,2,4,3,4,2,2,3,4,1,2,4,4,1,4,1,5,4,2,2,4,3,3,2,4,3,3,2,4,2,4,3,2,5,3,3,2,2,4,5,1,4,5,1,4,2,4,3,3,2,4,2,4,4,2,2,2,2,1,1,4,4,2,4,2,3,3,3,3,3,2,4,5,3,2,4,3,4,2,4,2,2,5,3,4,4,2,3,4,3,4,3,1,4,4,3,3,4,3,2,2,3,1,1,1,2,4,2,1,5,4,5,1,3,4,4,1,3,5,1,5,3,1,5,1,3,5,4,3,4,3,1,3,2,5,3,3,2,5,4,2,4,3,4,5,2,4,5,5,1,4,3,5,1,1,2,5,3,4,1,5,2,1,3,3,5,1,3,1,2,5,4,2,3,5,1,2,2,5,3,3,1,5,3,1,3,2,5,4,1,1,1,2,1,5,2,4,2,1,2,4,3,5,2,2,2,5,1,4,5,2,5,1,3,5,2,5,4,5,1,3,2,4,3,2,3,4,3,2,4,2,1,1,1,1,2,1,40,1,2,2,1,1,2,2,2,2,1,2,1,2,1,2,1130,1,0,17,17,0,0,1
51,65,3,1,3,2,4,4,2,5,1,2,2,4,2,4,2,3,4,3,2,4,4,3,3,1,3,4,4,4,4,4,3,3,3,4,2,3,2,4,4,2,3,3,4,4,2,1,3,2,4,4,4,3,3,1,3,4,2,4,2,4,4,4,3,3,4,2,3,1,4,2,2,3,2,3,3,2,3,4,2,4,3,3,4,2,4,2,2,3,2,3,4,3,4,2,4,3,3,2,4,2,3,3,2,3,4,2,2,3,1,3,4,2,2,3,3,4,4,4,4,4,4,2,3,2,4,3,4,2,4,2,2,4,2,3,5,1,5,4,4,3,4,1,3,4,1,4,1,2,4,2,3,3,4,2,3,1,2,3,2,4,2,4,2,2,2,4,2,4,2,4,4,3,2,2,4,2,2,2,3,2,5,3,2,4,2,1,1,4,2,4,1,2,4,3,3,2,4,2,4,2,1,5,2,2,3,4,1,4,4,2,3,4,4,2,2,4,4,4,2,4,2,1,4,2,4,4,3,2,4,1,3,4,2,4,3,4,4,2,3,2,3,2,5,1,1,4,1,1,2,4,3,4,3,2,4,2,4,4,2,4,5,2,1,5,3,4,4,1,4,2,4,1,5,1,4,4,1,2,3,2,5,1,3,1,2,2,5,1,1,4,2,2,4,2,4,4,4,1,5,3,3,4,2,4,4,4,2,4,2,1,1,2,1,1,2,34,1,1,2,1,1,1,2,1,1,1,2,1,2,2,2,1091,1,0,17,17,0,0,"1,2"
52,66,4,2,2,4,2,2,1,4,2,3,1,5,1,4,2,3,4,4,4,4,5,2,3,2,4,2,3,4,4,3,3,3,4,2,4,3,4,3,2,2,4,3,2,4,2,2,2,2,2,2,2,4,4,2,2,5,1,5,2,3,4,2,1,2,5,1,3,2,3,2,3,4,4,2,4,2,3,3,2,4,3,3,5,2,4,3,2,2,3,5,4,2,4,2,3,3,4,2,2,4,1,2,2,2,4,1,2,3,4,2,3,5,2,3,4,4,4,3,3,2,3,4,2,2,2,2,4,2,2,2,3,2,2,4,5,1,4,3,2,2,4,1,2,4,2,2,2,2,4,1,3,3,4,2,3,2,2,3,2,3,4,4,2,4,4,2,4,3,4,3,2,4,4,3,2,4,3,3,2,2,2,2,2,2,4,2,2,4,2,4,2,3,5,2,2,3,4,2,4,3,2,4,1,2,3,4,2,4,4,2,4,4,4,3,2,4,4,4,3,5,3,4,5,2,4,4,3,1,5,1,2,4,1,4,2,2,5,1,3,2,2,2,4,2,1,3,2,3,3,4,1,4,4,1,4,3,4,3,2,4,4,3,2,4,3,2,2,1,4,1,2,1,5,1,2,5,1,2,1,2,5,3,2,2,5,1,4,2,2,4,2,4,2,2,4,4,4,2,4,2,4,4,2,4,4,4,2,4,2,1,1,2,1,1,1,30,1,1,2,1,1,1,1,1,2,1,2,1,2,1,2,1089,1,0,17,17,0,0,"1,12"
53,68,3,1,2,3,2,2,1,4,3,4,1,4,4,5,3,3,2,4,4,3,4,4,4,4,1,4,2,1,4,5,3,5,4,2,5,2,5,3,2,4,4,3,2,5,2,2,5,1,5,4,1,2,5,1,2,5,1,4,1,2,4,1,2,3,4,1,3,3,4,3,4,2,2,3,4,2,1,4,2,4,1,4,4,4,1,3,4,2,4,5,5,2,2,4,5,1,4,2,5,2,2,3,4,4,5,2,4,1,2,3,3,5,5,3,4,4,4,2,5,2,5,3,2,2,1,4,5,2,4,2,1,3,2,4,5,1,5,4,5,3,5,1,4,5,2,2,1,2,4,1,4,3,2,1,4,1,2,4,1,2,4,3,4,4,4,2,4,3,4,3,2,2,4,3,2,3,2,2,3,2,4,4,1,3,5,1,1,5,2,4,1,4,4,3,1,3,4,2,5,3,1,5,1,2,5,4,2,4,5,2,4,3,4,3,2,2,5,3,2,4,2,4,4,2,5,4,5,2,5,2,5,4,2,2,1,3,5,1,2,1,3,2,3,4,1,4,2,4,4,1,4,4,5,2,4,2,4,4,1,4,4,2,2,4,2,5,5,1,5,5,2,1,5,1,4,5,1,2,1,2,4,3,2,1,1,1,4,5,1,5,1,1,4,1,4,5,5,4,4,1,5,5,2,5,4,4,1,4,2,1,1,1,1,2,1,76,1,1,2,1,1,2,1,1,2,1,2,2,2,1,2,1220,1,0,17,17,0,0,"0,41"
54,69,3,1,3,4,3,4,3,4,3,3,4,2,3,5,5,5,4,2,3,3,4,2,2,1,4,4,4,4,4,4,3,4,3,1,4,5,4,5,4,2,5,3,3,4,5,1,3,3,3,2,2,3,3,3,3,2,2,5,4,5,5,2,3,3,3,3,2,1,4,2,3,2,2,2,4,2,2,3,2,4,4,5,4,3,3,2,4,2,4,1,2,4,3,3,3,3,3,3,2,4,2,2,2,2,4,2,3,2,3,3,4,2,3,3,2,3,3,3,3,4,2,4,4,4,3,2,3,4,3,2,4,4,2,1,2,3,1,1,2,4,2,2,1,5,3,5,2,2,4,4,2,4,4,4,3,1,2,4,2,4,3,4,3,4,2,2,3,5,4,5,5,3,3,3,3,4,4,1,1,3,1,1,1,3,1,1,1,5,3,5,2,2,5,5,1,3,5,2,4,1,1,4,3,4,4,4,5,4,4,2,4,5,5,5,5,2,4,3,3,3,4,1,3,3,3,5,5,2,4,2,3,4,3,5,3,5,5,1,4,1,4,2,4,1,1,4,2,5,4,3,5,5,4,2,3,4,5,5,3,3,4,2,2,3,2,4,3,2,4,4,3,2,5,3,4,2,3,3,4,1,2,2,4,2,2,3,5,5,1,5,1,5,4,2,5,4,4,2,5,5,5,2,3,4,5,2,2,5,2,1,1,1,1,2,1,41,1,1,2,1,1,2,1,2,2,1,2,1,2,2,1,1280,1,0,17,17,0,0,"0,86"
55,70,2,2,3,3,4,3,3,4,3,2,2,3,3,3,2,3,3,2,3,3,2,3,3,2,2,3,2,2,2,4,2,4,2,3,3,3,3,3,3,3,3,3,3,3,3,3,2,3,2,2,2,3,2,4,2,4,2,4,2,3,4,4,2,3,4,2,3,2,2,3,2,4,3,3,3,3,3,4,3,4,3,3,3,2,3,3,3,3,3,3,3,3,3,3,3,3,3,2,4,2,3,2,3,3,2,2,4,3,2,3,3,3,3,3,4,4,4,3,3,2,3,3,2,3,3,3,3,2,4,3,2,3,3,1,2,3,2,2,2,3,3,4,2,3,2,3,3,3,4,4,2,3,4,2,3,3,4,3,4,4,3,3,3,2,3,4,2,3,3,3,4,2,3,3,2,3,3,3,4,3,4,3,3,3,3,2,3,3,3,3,3,3,3,2,3,3,2,3,3,2,1,3,1,2,2,4,2,4,2,4,3,4,4,3,4,3,2,3,4,3,2,2,4,3,4,4,4,3,3,2,3,3,3,3,3,3,3,2,3,3,2,3,3,3,2,3,2,2,4,3,2,4,4,3,4,3,4,3,3,3,4,3,2,4,3,3,4,2,4,4,3,2,3,2,3,3,3,2,2,3,3,2,3,3,2,3,3,3,2,3,2,2,4,4,2,4,4,2,4,2,4,3,2,3,4,3,2,3,2,1,1,1,1,2,2,67,1,1,2,1,2,2,2,1,2,2,1,2,2,1,2,1658,1,0,17,17,0,0,"0,66"
56,74,4,2,2,4,2,2,2,4,3,3,2,4,2,4,2,4,5,3,3,4,3,3,4,4,2,4,2,3,3,4,2,4,4,2,4,2,4,4,3,3,4,4,3,4,3,2,3,2,4,4,1,4,3,2,2,4,2,3,2,2,4,3,2,3,4,2,4,1,2,2,2,4,2,4,4,2,2,4,2,5,5,4,4,3,3,3,2,2,4,2,4,1,4,3,3,2,5,2,5,3,1,2,3,3,5,1,4,2,2,3,4,4,2,3,3,4,3,2,3,3,4,2,3,2,4,4,4,1,5,2,2,2,3,2,2,2,2,2,2,4,2,2,2,4,2,4,2,2,3,3,2,3,4,2,4,2,2,3,2,2,3,3,2,3,2,4,3,4,4,3,4,4,3,3,4,2,3,2,2,2,2,2,2,4,2,4,2,4,2,4,3,2,4,4,2,3,4,2,5,2,2,5,1,4,3,4,2,4,4,2,3,4,4,3,3,4,4,4,2,4,3,2,3,3,4,4,2,3,4,1,2,4,1,4,4,3,5,1,5,2,2,2,4,2,1,3,2,3,4,3,2,4,4,2,4,4,5,4,2,4,5,3,2,4,2,2,3,1,4,2,2,2,4,1,1,5,2,4,1,1,4,4,2,2,4,1,4,3,1,4,1,2,5,3,2,4,5,1,4,2,5,5,1,3,5,4,2,5,2,1,1,1,1,2,1,37,1,1,2,1,1,1,1,1,1,1,2,1,2,1,2,1469,1,0,17,17,0,0,"0,37"
57,75,3,1,3,3,2,2,4,2,4,2,1,5,1,5,2,5,5,1,3,2,3,1,3,1,2,3,2,3,5,3,4,4,4,2,3,2,5,4,4,2,4,4,2,4,3,1,3,3,2,2,2,2,4,3,1,4,1,5,4,5,5,2,2,2,4,1,3,1,1,3,2,2,1,2,4,4,1,5,1,5,2,2,4,4,2,2,4,1,3,4,5,1,5,5,3,1,5,1,4,2,1,2,4,4,5,1,4,2,2,3,3,2,4,3,3,4,4,2,4,4,4,2,3,2,3,4,5,1,4,2,2,3,3,1,2,2,2,2,4,3,3,2,4,2,4,4,2,1,2,4,2,2,4,4,3,1,2,4,2,3,4,2,3,4,4,2,2,3,4,4,5,2,4,4,2,3,3,1,2,3,2,1,1,2,4,1,1,5,1,5,2,2,5,4,2,2,4,1,3,1,1,4,1,2,4,4,3,4,4,2,4,4,4,4,2,2,4,4,2,4,3,1,5,1,5,5,4,1,5,1,3,5,1,3,2,2,5,1,3,1,1,3,4,1,2,4,1,5,5,2,4,4,5,1,4,4,5,5,2,1,5,4,1,5,3,4,5,1,4,2,2,1,5,1,3,5,1,3,2,2,5,2,2,2,4,2,4,1,2,4,1,4,5,1,5,4,5,1,5,2,5,5,2,4,4,4,1,4,2,1,2,1,1,1,2,35,1,1,1,1,1,1,1,2,1,1,2,1,2,1,2,1452,1,0,17,17,0,0,"0,97"
58,77,5,1,3,3,5,3,3,5,1,1,1,5,5,5,1,3,5,1,3,2,3,1,5,1,1,5,1,1,1,5,1,5,5,1,3,5,5,3,5,5,5,3,5,5,1,1,1,1,1,1,1,5,1,1,1,5,3,5,1,3,5,5,1,1,1,3,3,1,1,1,1,1,1,5,1,5,1,5,1,3,5,3,5,5,1,1,5,1,5,1,5,3,1,5,5,5,1,5,1,5,5,5,5,5,5,1,5,1,1,5,5,1,1,5,1,5,1,5,1,5,3,5,5,5,5,3,5,5,1,1,1,3,3,1,5,1,1,1,5,5,1,1,1,1,1,3,1,1,5,1,5,3,1,5,1,1,1,1,1,1,1,5,1,1,5,5,3,5,1,3,5,5,1,3,5,1,1,1,1,1,1,1,1,5,1,1,1,5,1,5,1,1,1,3,1,3,1,1,1,1,1,1,1,1,1,5,1,1,1,5,1,5,1,1,5,1,1,3,3,1,5,1,1,1,1,1,1,5,1,1,1,5,3,5,5,3,5,5,1,1,5,1,5,1,1,1,1,1,1,5,1,5,5,1,3,5,5,5,5,5,1,1,1,3,5,1,1,3,1,1,1,1,1,1,3,5,5,3,5,5,5,1,1,1,1,1,5,5,1,5,1,1,5,3,5,5,4,1,3,5,5,5,1,5,5,1,1,5,2,1,1,1,1,2,2,63,1,1,1,1,1,1,1,1,1,1,1,1,1,1,1,928,1,0,17,17,0,0,"1,16"
